path,filename,folder,extension,word_count,line_count,md5,contains_authority_language,contains_runtime_language,likely_category,proposed_status,duplicate_filename_group,exact_duplicate_group
github/PULL_REQUEST_TEMPLATE.md,PULL_REQUEST_TEMPLATE.md,github,.md,137,58,ac2a168426dd001070dda5ecdc59d1cb,no,yes,root-or-other,historical,,ac2a168426dd001070dda5ecdc59d1cb
github/copilot-instructions.md,copilot-instructions.md,github,.md,195,38,c88286c59da7207033f0be460c70ae83,yes,no,root-or-other,historical,,
github/pull_request_template.md,pull_request_template.md,github,.md,137,58,ac2a168426dd001070dda5ecdc59d1cb,no,yes,root-or-other,historical,,ac2a168426dd001070dda5ecdc59d1cb
phase2a-todo.md,.phase2a-todo.md,,.md,203,36,ee84091c93ad8766f8b3d2e6a9a9c233,no,no,root-or-other,historical,,
72-HOUR-SPRINT-QUICK-START.md,72-HOUR-SPRINT-QUICK-START.md,,.md,1430,454,b967090b7a7bcf2ca7fbaee444b3a8a6,no,no,root-or-other,historical,,
72-HOUR-SPRINT.md,72-HOUR-SPRINT.md,,.md,1499,451,13ac8493989d441fdefba4eb4ab6e6cd,no,no,root-or-other,historical,,
72HR-EXECUTIVE-SUMMARY.md,72HR-EXECUTIVE-SUMMARY.md,,.md,445,112,f854f51e626c0425c89d47b334ae5b38,no,yes,root-or-other,historical,,
72HR-INDEX.md,72HR-INDEX.md,,.md,829,182,d09771a778f929d39640482e86432c03,no,no,root-or-other,historical,,
A5_ADMIN_RETRY_ATOMICITY_COMPLETE.md,A5_ADMIN_RETRY_ATOMICITY_COMPLETE.md,,.md,894,214,809c18909d9857c7110256b3fe64d729,no,no,root-or-other,historical,,
A5_ADMIN_RETRY_STATUS.md,A5_ADMIN_RETRY_STATUS.md,,.md,491,97,53811b496eda52302f2c500ea7e4705e,no,no,root-or-other,historical,,
AI_GOVERNANCE.md,AI_GOVERNANCE.md,,.md,261,47,51cb249faef51cd105b63a5112c6b16b,no,no,root-or-other,historical,,
APPLY_MIGRATIONS_RUNBOOK.md,APPLY_MIGRATIONS_RUNBOOK.md,,.md,720,197,b8323b30e02bbef0784a588b9bc5e80e,no,no,runbook,runbook,,
APPLY_PHASE2D_2-6.md,APPLY_PHASE2D_2-6.md,,.md,454,108,8597bbdddd93ab4c26b6a462f539300e,no,no,root-or-other,historical,,
AUDIT_GRADE_CLOSURE_PACKET_2026-02-22.md,AUDIT_GRADE_CLOSURE_PACKET_2026-02-22.md,,.md,482,86,e0455bc144161fd1f9e6519f651a2606,no,yes,audit,draft,,
AUDIT_VERIFICATION.md,AUDIT_VERIFICATION.md,,.md,624,178,aa7c10b3ab2ceca29eebfbe075fd39af,no,no,audit,draft,,
CHUNKING_FUTURE_ENHANCEMENTS.md,CHUNKING_FUTURE_ENHANCEMENTS.md,,.md,794,247,2d8e346175ccd43dcb42b52ab04178d4,no,no,root-or-other,historical,,
CHUNKING_HARDENING_COMPLETE.md,CHUNKING_HARDENING_COMPLETE.md,,.md,855,238,e85d06eb80fbef1c914571696ff5b582,no,no,root-or-other,historical,,
CHUNKING_TEST_STRATEGY.md,CHUNKING_TEST_STRATEGY.md,,.md,1011,240,3057d0d3aa2b68efe21d493f5596c4b1,no,yes,root-or-other,historical,,
CI_DB_DRIFT_ENFORCEMENT.md,CI_DB_DRIFT_ENFORCEMENT.md,,.md,1548,323,97e88d4b8138879c117baf5db6942f4e,no,no,root-or-other,historical,,
CI_FAILURES_FIXED.md,CI_FAILURES_FIXED.md,,.md,782,217,1e8bca0a0631fcc7682c9c5fede75b5d,no,yes,root-or-other,historical,,
CI_SECRETS_SETUP.md,CI_SECRETS_SETUP.md,,.md,0,0,d41d8cd98f00b204e9800998ecf8427e,no,no,root-or-other,historical,,d41d8cd98f00b204e9800998ecf8427e
CI_SUPABASE_SETUP.md,CI_SUPABASE_SETUP.md,,.md,808,211,5065a9256c1816609dc70fc7bf0867dc,no,no,root-or-other,historical,,
CI_UNBLOCK_ACTION_PLAN.md,CI_UNBLOCK_ACTION_PLAN.md,,.md,583,137,61c8a4406ed2fda371bab96bf53c0854,no,yes,planning,draft,,
CLEAN_RUN_VERIFIED.md,CLEAN_RUN_VERIFIED.md,,.md,614,193,be916ff1e57fd465a4095ce7acbcd2e7,no,no,root-or-other,historical,CLEAN_RUN_VERIFIED.md,
COMPLETION_SUMMARY.md,COMPLETION_SUMMARY.md,,.md,823,199,310118cc2ddedf12048759aa80706963,no,no,root-or-other,historical,,
CONTRIBUTING.md,CONTRIBUTING.md,,.md,341,137,a000b312acb4c6ac63d674cbdfd7f52a,no,yes,root-or-other,historical,,
COPILOT_NEXT_PHASE.md,COPILOT_NEXT_PHASE.md,,.md,555,143,c28f69fec332967352227d5f58e27032,no,no,root-or-other,historical,,
COPILOT_QUICK_REF.md,COPILOT_QUICK_REF.md,,.md,342,67,fecabc4cd565c0428cc8f3347b74b7ee,yes,no,root-or-other,historical,,
CRITICAL_OPERATIONAL_FIXES.md,CRITICAL_OPERATIONAL_FIXES.md,,.md,1128,319,f2193aa7831c4145ef63680c797b2d41,no,no,root-or-other,historical,,
DAEMON_FIX_VERIFICATION.md,DAEMON_FIX_VERIFICATION.md,,.md,378,120,0cbcccd32a68d2ab2ac52be72d49ebbb,no,no,root-or-other,historical,,
DAEMON_VERIFICATION.md,DAEMON_VERIFICATION.md,,.md,681,199,b4fb9503f81384efffd60ba2bc6334b7,no,no,root-or-other,historical,,
DEPLOYMENT_DOCS_INDEX.md,DEPLOYMENT_DOCS_INDEX.md,,.md,1110,262,66bc5b128bdc3053b81327769986e120,no,no,root-or-other,historical,,
DEPLOYMENT_INSTRUCTIONS.md,DEPLOYMENT_INSTRUCTIONS.md,,.md,693,213,abb1b326110ce6013831202be0a38756,no,no,root-or-other,historical,,
DEPLOYMENT_QUICK_REFERENCE.md,DEPLOYMENT_QUICK_REFERENCE.md,,.md,711,221,59b2f052b9b4a067020fe8254f717d36,no,no,root-or-other,historical,,
DEV_SERVER_RUNBOOK.md,DEV_SERVER_RUNBOOK.md,,.md,429,140,e94cfe3eb4c1074fe0d0bb26a15db771,no,no,runbook,runbook,,
DIAGNOSIS_CORRECTED.md,DIAGNOSIS_CORRECTED.md,,.md,481,100,44513c41f3064d5ba1dcaa4d65c3be88,no,no,root-or-other,historical,,
DIAGNOSTIC_UPDATE_2.md,DIAGNOSTIC_UPDATE_2.md,,.md,494,126,0d071ae47ec34ef678316e34b71a5942,no,no,root-or-other,historical,,
DOCS_IMPROVEMENTS_SUMMARY.md,DOCS_IMPROVEMENTS_SUMMARY.md,,.md,650,163,3d9f42925431b460b299c8d47c1e978c,no,no,root-or-other,historical,,
EXECUTION_LOG.md,EXECUTION_LOG.md,,.md,528,138,d55d0e0e1bfb9becce5918abbe4c3bb0,no,no,root-or-other,historical,,
EXECUTION_SUMMARY.md,EXECUTION_SUMMARY.md,,.md,869,277,94070937b89ee732791aba0a4fdbd19d,no,no,root-or-other,historical,,
EXECUTIVE_SUMMARY_PHASE_E_FINAL.md,EXECUTIVE_SUMMARY_PHASE_E_FINAL.md,,.md,0,0,d41d8cd98f00b204e9800998ecf8427e,no,no,root-or-other,historical,,d41d8cd98f00b204e9800998ecf8427e
FINAL_STATUS.md,FINAL_STATUS.md,,.md,684,202,e20fe913ea0a42434ac32a51fbe1b84a,no,no,root-or-other,historical,,
FK_TYPE_MISMATCH_FIXED.md,FK_TYPE_MISMATCH_FIXED.md,,.md,475,166,50af87acc46bba2133eeaad9fe550a1e,no,no,root-or-other,historical,,
FLOW1A_PROOF_COMPLETE.md,FLOW1A_PROOF_COMPLETE.md,,.md,469,108,b9a4ab8626661a9656e6c47fefbeca02,no,yes,root-or-other,historical,,
FLOW1B_PROOF_COMPLETE.md,FLOW1B_PROOF_COMPLETE.md,,.md,537,131,ff3247f41dcadb451bda6041de8d024e,no,yes,root-or-other,historical,,
FLOW1_CANONICAL_EVIDENCE.md,FLOW1_CANONICAL_EVIDENCE.md,,.md,867,207,ed562b799b2231afd066b46f5c3403bf,yes,yes,root-or-other,historical,,
FLOW1_SMOKE_TEST_CHECKLIST.md,FLOW1_SMOKE_TEST_CHECKLIST.md,,.md,1212,387,155bae23a5aa4c277a0ada9d5657cd4e,no,no,root-or-other,historical,,
FLOW1_STATUS.md,FLOW1_STATUS.md,,.md,744,160,1cf31c0eb5e2b338058a619f82ee579d,no,yes,root-or-other,historical,,
GATE2_FINAL_CLOSURE.md,GATE2_FINAL_CLOSURE.md,,.md,368,85,8ae1e74c93a60e403556c4e5a7a96675,no,no,root-or-other,historical,,
GATE7_COPILOT_INSTRUCTION_PACKET.md,GATE7_COPILOT_INSTRUCTION_PACKET.md,,.md,2317,542,636f81cf59393b891aefeed297271e39,no,no,root-or-other,historical,,
GATE7_COPILOT_READY.md,GATE7_COPILOT_READY.md,,.md,1496,437,9866abe15487716001695743d3bb6544,no,no,root-or-other,historical,,
GATE7_EXECUTION_INDEX.md,GATE7_EXECUTION_INDEX.md,,.md,1099,307,939d2fd3132625820a43350fa45a7e61,yes,no,root-or-other,historical,,
GATE7_FINAL_LOCKDOWN_COMPLETE.md,GATE7_FINAL_LOCKDOWN_COMPLETE.md,,.md,714,232,592e7a60aadf21fd85277239fd558aef,no,no,root-or-other,historical,,
GATE7_SCHEMA_VERIFICATION_COMPLETE.md,GATE7_SCHEMA_VERIFICATION_COMPLETE.md,,.md,497,131,e1ee00fd5285a05436806886701dd20b,yes,no,root-or-other,historical,,
GATE_A5_CI_FIX_SUMMARY.md,GATE_A5_CI_FIX_SUMMARY.md,,.md,1093,253,bd48490f828e65f30070d346b17ac950,no,no,root-or-other,historical,,
GATE_A5_CLOSURE_FINAL.md,GATE_A5_CLOSURE_FINAL.md,,.md,910,180,2ff607f965c6f15b56792b702061b207,no,no,root-or-other,historical,,
GITHUB_ISSUE_DENO_TS_SEPARATION.md,GITHUB_ISSUE_DENO_TS_SEPARATION.md,,.md,256,41,ac19530a10357ecee052157e37a6dbd9,yes,no,root-or-other,historical,,
GITHUB_SECRETS_GUIDE.md,GITHUB_SECRETS_GUIDE.md,,.md,402,105,ffd03daeeaa2f935c720e2895049c1af,no,no,root-or-other,historical,,
GOVERNANCE_AUTHORITY_INDEX.md,GOVERNANCE_AUTHORITY_INDEX.md,,.md,747,131,ea3abc23034349ee6544fd02625bcf0d,yes,yes,root-or-other,historical,,
GOVERNANCE_CLOSEOUT_A4_COMPAT_CONTRACTS.md,GOVERNANCE_CLOSEOUT_A4_COMPAT_CONTRACTS.md,,.md,201,29,06af239865b8ad9831d706f2db1a5e21,no,yes,root-or-other,historical,,
GOVERNANCE_CLOSEOUT_CANONICAL_VOCABULARY.md,GOVERNANCE_CLOSEOUT_CANONICAL_VOCABULARY.md,,.md,533,121,0d414c86cdfc3e2debfb71e175fc66b5,yes,no,root-or-other,historical,,
GOVERNANCE_CLOSEOUT_PHASE_D1_PUBLIC_UX_SAFETY.md,GOVERNANCE_CLOSEOUT_PHASE_D1_PUBLIC_UX_SAFETY.md,,.md,968,180,7cc6bd53ba05fdc8ba0abc4711a22fed,yes,no,root-or-other,historical,,
GOVERNANCE_CLOSEOUT_PHASE_D2_CRITERIA_REGISTRY.md,GOVERNANCE_CLOSEOUT_PHASE_D2_CRITERIA_REGISTRY.md,,.md,1228,247,7367bc80f944fb104b99f97d12d9a357,yes,no,root-or-other,historical,,
GOVERNANCE_CLOSEOUT_PHASE_D3_ABUSE_CONTROLS.md,GOVERNANCE_CLOSEOUT_PHASE_D3_ABUSE_CONTROLS.md,,.md,967,187,3b14a8d944b92b5fd1f2f7cd0a3ff884,yes,no,root-or-other,historical,,
GOVERNANCE_CLOSEOUT_PHASE_D4_INCIDENT_READINESS.md,GOVERNANCE_CLOSEOUT_PHASE_D4_INCIDENT_READINESS.md,,.md,928,185,5bb64fda81f24d0ea727b2d094bfe1c1,yes,no,root-or-other,historical,,
GOVERNANCE_CLOSEOUT_PHASE_D5_LEGAL_ETHICS.md,GOVERNANCE_CLOSEOUT_PHASE_D5_LEGAL_ETHICS.md,,.md,1228,204,d83df717866e395a6386d4b3774a2626,yes,no,root-or-other,historical,,
GOVERNANCE_IMPLEMENTATION.md,GOVERNANCE_IMPLEMENTATION.md,,.md,582,149,b6668b9b71472a2127eea720e882acfc,no,no,root-or-other,historical,,
GUARD_RAILS_ADDED.md,GUARD_RAILS_ADDED.md,,.md,1153,309,546701d489396c87ed524d11a9b18dee,no,yes,root-or-other,historical,,
HARDENING_BULLETPROOF.md,HARDENING_BULLETPROOF.md,,.md,1504,363,5b27e04625cf389963b34b4ffcdff5ef,no,yes,root-or-other,historical,,
HARDENING_COMPLETE.md,HARDENING_COMPLETE.md,,.md,881,226,7e965eed2a5b573d10548395182295ed,no,no,root-or-other,historical,,
IMPLEMENTATION_COMPLETE.md,IMPLEMENTATION_COMPLETE.md,,.md,985,235,9cfecfbf078f1484d87f82f853fccb63,no,no,root-or-other,historical,,
IMPLEMENTATION_SUMMARY.md,IMPLEMENTATION_SUMMARY.md,,.md,605,166,a39c814eb2fbb73fdff7be0015d1af65,no,no,root-or-other,historical,,
IMPLEMENTATION_VERIFICATION.md,IMPLEMENTATION_VERIFICATION.md,,.md,1193,237,4a28c6ebe2170516d837a9a07a53b4a7,no,no,root-or-other,historical,,
INFRASTRUCTURE_COMPLETE.md,INFRASTRUCTURE_COMPLETE.md,,.md,507,152,51594b898bce07e029399d3c9acd33b1,yes,no,root-or-other,historical,,
LARGE_DOC_CHUNKING_COMPLETE.md,LARGE_DOC_CHUNKING_COMPLETE.md,,.md,810,238,6407b7e8920f36a92dbc97ca64649a18,no,no,root-or-other,historical,,
LIVE_VALIDATION_RUNBOOK.md,LIVE_VALIDATION_RUNBOOK.md,,.md,835,157,527617230324df084bfdaf6e9bfdd863,no,yes,runbook,runbook,,
LOCK_ANCHORS_POLICY.md,LOCK_ANCHORS_POLICY.md,,.md,846,160,16098577ab1acbcbf058e4d5545078ff,yes,no,root-or-other,historical,,
MISTAKE_PROOF_LOGGING_COMPLETE.md,MISTAKE_PROOF_LOGGING_COMPLETE.md,,.md,884,200,05fb623e15a4043d3c807f47298f85b7,no,no,root-or-other,historical,,
NEW_DOCS_GUIDE.md,NEW_DOCS_GUIDE.md,,.md,900,248,b7fb9caaae2477de1a768bb1574f41e4,no,no,root-or-other,historical,,
NEXT_HARDENING_THEN_FEATURES.md,NEXT_HARDENING_THEN_FEATURES.md,,.md,1088,284,55846f5849bc8c6e92cd62fd6576216b,no,no,root-or-other,historical,,
NPM_AUDIT_NOTES.md,NPM_AUDIT_NOTES.md,,.md,115,17,50089f7500700e4e223d50e54ca72310,no,no,audit,draft,NPM_AUDIT_NOTES.md,
OPENAI_INTEGRATION.md,OPENAI_INTEGRATION.md,,.md,851,269,4c8139884916ef49491f3eeda3553510,no,yes,root-or-other,historical,,
OPERATIONAL_FIXES_VERIFIED.md,OPERATIONAL_FIXES_VERIFIED.md,,.md,789,195,3b3276c75ed71ade5762d54b1beb92b5,no,no,root-or-other,historical,,
OPS_READINESS_SIGNOFF.md,OPS_READINESS_SIGNOFF.md,,.md,634,120,0e19123a8427adc3b0f2e2304c16b789,no,no,root-or-other,historical,,
PASSIVE_OBSERVABILITY_COMPLETE.md,PASSIVE_OBSERVABILITY_COMPLETE.md,,.md,371,131,842d290bf09475a04129378104880d33,yes,no,root-or-other,historical,,
PERPLEXITY_AUDIT_REPORT.md,PERPLEXITY_AUDIT_REPORT.md,,.md,1827,500,9ce83f7ad8b69b4169b06ff5ebca08da,no,no,audit,draft,,
PERPLEXITY_IMPROVEMENTS_APPLIED.md,PERPLEXITY_IMPROVEMENTS_APPLIED.md,,.md,979,249,8f9512e3625d3e195bbde9f3c1aec4fa,no,no,root-or-other,historical,,
PHASE1-CLOSURE-BRIDGE.md,PHASE1-CLOSURE-BRIDGE.md,,.md,875,165,967a18f66b43708a74015fd5b0ce7cbb,no,yes,root-or-other,historical,,
PHASE2A_CANON_FIXES.md,PHASE2A_CANON_FIXES.md,,.md,1022,266,11027e7c9d536916624959386cc74791,no,no,root-or-other,historical,,
PHASE2A_HARDENING_COMPLETE.md,PHASE2A_HARDENING_COMPLETE.md,,.md,805,193,a89118641154197d926c4375872dd7de,no,no,root-or-other,historical,,
PHASE2B_NEXT_STEPS.md,PHASE2B_NEXT_STEPS.md,,.md,936,275,cf080311c8e2ddb5872c39766b82efbc,no,no,root-or-other,historical,,
PHASE2C_CANONICAL_EVIDENCE.md,PHASE2C_CANONICAL_EVIDENCE.md,,.md,679,182,e649e9b41d14b479978326ae990a682d,yes,yes,root-or-other,historical,,
PHASE2C_GENUINELY_LOCKED.md,PHASE2C_GENUINELY_LOCKED.md,,.md,990,239,e855a2b0ad62c13d8ace743c266463c4,no,yes,root-or-other,historical,,
PHASE2C_HARDENING_COMPLETE.md,PHASE2C_HARDENING_COMPLETE.md,,.md,877,207,bb4cb9400805f223713595c72e0ad9c4,yes,yes,root-or-other,historical,,
PHASE2C_LOCKED.md,PHASE2C_LOCKED.md,,.md,1203,279,3429f52cefded7af20c7b984c0c70015,no,yes,root-or-other,historical,,
PHASE2C_MICRO_HARDENING.md,PHASE2C_MICRO_HARDENING.md,,.md,1187,293,567fa977649bfeba89cca47d8f8e73fd,no,yes,root-or-other,historical,,
PHASE2C_PROOF_VERIFIED.md,PHASE2C_PROOF_VERIFIED.md,,.md,538,148,b5353c95a560532a6cd77266e8d0ef45,no,yes,root-or-other,historical,,
PHASE2C_QUICK_REF.md,PHASE2C_QUICK_REF.md,,.md,822,176,df2fae89351ea9ff371cb4908fdc3440,no,yes,root-or-other,historical,,
PHASE2C_READY_TO_PUSH.md,PHASE2C_READY_TO_PUSH.md,,.md,808,184,0837722a73ee73fb72f53721a52f16a7,no,yes,root-or-other,historical,,
PHASE2C_SESSION_SUMMARY.md,PHASE2C_SESSION_SUMMARY.md,,.md,1067,293,91c44e566f9b49640e0d7b28901a2cd8,no,yes,root-or-other,historical,,
PHASE2D_CLOSURE_BRANCH_PROTECTION.md,PHASE2D_CLOSURE_BRANCH_PROTECTION.md,,.md,362,68,544494a49ea89e6fb994fae37698f560,no,no,root-or-other,historical,,
PHASE2D_COMPLETE.md,PHASE2D_COMPLETE.md,,.md,444,111,f11dfd464cb2d83ae2bbaf0468b44f96,no,no,root-or-other,historical,,
PHASE2D_DEFINITION.md,PHASE2D_DEFINITION.md,,.md,1359,228,b6cfbc4862c848520a72f5dce0fda114,no,yes,root-or-other,historical,,
PHASE2D_QUICK_REF.md,PHASE2D_QUICK_REF.md,,.md,318,92,ec2d7c679bd215697e215a44259cbff0,no,no,root-or-other,historical,,
PHASE2D_QUICK_START.md,PHASE2D_QUICK_START.md,,.md,526,158,aed9ed5e15e0f58c05b64a3bcbc4033c,no,no,root-or-other,historical,,
PHASE2D_SLICE3_CI_FIX.md,PHASE2D_SLICE3_CI_FIX.md,,.md,241,76,cb40a8155d19d18ff8350e556e7fdbec,no,no,root-or-other,historical,,
PHASE2D_SLICE3_IMPL_NOTES.md,PHASE2D_SLICE3_IMPL_NOTES.md,,.md,283,53,69a7ec29dcd80dc3861f1c66b0842ac7,no,no,root-or-other,historical,,
PHASE2D_STATUS.md,PHASE2D_STATUS.md,,.md,830,187,495185bbada3cef81de274eec744d943,no,no,root-or-other,historical,,
PHASE2E_CANONICAL_EVIDENCE.md,PHASE2E_CANONICAL_EVIDENCE.md,,.md,723,166,ba160d53beee32e0e40005b8ec00560f,yes,no,root-or-other,historical,,
PHASE2E_DELIVERY_SUMMARY.md,PHASE2E_DELIVERY_SUMMARY.md,,.md,842,265,09c7dc81ec07e4e74332e21ffd430aea,no,no,root-or-other,historical,,
PHASE2E_DIAGNOSTIC_PROOF.md,PHASE2E_DIAGNOSTIC_PROOF.md,,.md,1141,274,15e656d42537eac54eda6c73e4ce9eb7,no,no,root-or-other,historical,,
PHASE2E_HARDENING_COMPLETE.md,PHASE2E_HARDENING_COMPLETE.md,,.md,348,113,9d4203e39dc5795e89a700fdf59bfed0,no,no,root-or-other,historical,,
PHASE2E_INDEX.md,PHASE2E_INDEX.md,,.md,432,112,70dc948fd3224893f4c3bf21dbdfb51c,no,no,root-or-other,historical,,
PHASE2E_STATUS.md,PHASE2E_STATUS.md,,.md,576,126,b5f1439d2d3a2d3635514084a5746ac9,no,no,root-or-other,historical,,
PHASE2_HARDENING.md,PHASE2_HARDENING.md,,.md,1177,352,fec2fd6f38aa299e2116b2b35f325f1f,no,no,root-or-other,historical,,
PHASE2_HARDENING_SUMMARY.md,PHASE2_HARDENING_SUMMARY.md,,.md,811,254,1d21a20469bf7a1113f116b4468f335c,no,no,root-or-other,historical,,
PHASE2_PROOF_COMPLETE.md,PHASE2_PROOF_COMPLETE.md,,.md,1090,302,e8e13282d75b4acb17683c3a826827e3,no,no,root-or-other,historical,,
PHASE2_PROOF_REQUIRED_FIXES.md,PHASE2_PROOF_REQUIRED_FIXES.md,,.md,1428,416,c444bcc2e3060416168c889d08848c8b,no,no,root-or-other,historical,,
PHASE2_VERTICAL_SLICE_PROOF.md,PHASE2_VERTICAL_SLICE_PROOF.md,,.md,574,113,bdd5d688889b43b9e5c70e52ed1b30f5,no,no,root-or-other,historical,PHASE2_VERTICAL_SLICE_PROOF.md,
PHASE_0_2_CLOSURE_REPORT.md,PHASE_0_2_CLOSURE_REPORT.md,,.md,572,210,dc56b10287d4786c25c52663ee709858,yes,yes,root-or-other,historical,,
PHASE_0_3_GOVERNANCE_INJECTION_MAP.md,PHASE_0_3_GOVERNANCE_INJECTION_MAP.md,,.md,351,77,758c57c71e828b9a7cd85f30a8628db8,no,yes,root-or-other,historical,,
PHASE_2C1_ENV_VARS.md,PHASE_2C1_ENV_VARS.md,,.md,408,121,3daf3e3a5922228ea710bc16c8bb062e,no,yes,root-or-other,historical,,
PHASE_2_2_CONTRACT.md,PHASE_2_2_CONTRACT.md,,.md,788,92,0afe612c7ac42691184a56399c975073,yes,yes,root-or-other,historical,,
PHASE_2_2_GOLD_STANDARD.md,PHASE_2_2_GOLD_STANDARD.md,,.md,829,223,b05e9177a07016c08832d77de7c3c137,yes,no,root-or-other,historical,,
PHASE_2_3_APPLY_INTEGRITY_CLOSURE.md,PHASE_2_3_APPLY_INTEGRITY_CLOSURE.md,,.md,807,173,8cde0a82dddaa4ecfa052d1685bf7be9,no,yes,root-or-other,historical,,
PHASE_2_4_ENGINE_HARDENING_CLOSURE.md,PHASE_2_4_ENGINE_HARDENING_CLOSURE.md,,.md,832,161,5b5a17a8ac3bdd76b12548b0514b3425,yes,yes,root-or-other,historical,,
PHASE_2_5_STAGE_VALIDATION_CLOSURE.md,PHASE_2_5_STAGE_VALIDATION_CLOSURE.md,,.md,545,153,d3048a0cf6296d41a38453cdd1657346,no,no,root-or-other,historical,,
PHASE_2_6_A6_REPORT_CREDIBILITY_CLOSURE.md,PHASE_2_6_A6_REPORT_CREDIBILITY_CLOSURE.md,,.md,891,214,2b675d6ff7c3ac1c995984f06344b72b,yes,no,root-or-other,historical,,
PHASE_2_7_EVALUATION_UPLIFT_CLOSURE.md,PHASE_2_7_EVALUATION_UPLIFT_CLOSURE.md,,.md,980,171,552ee360b72ef769df11d065f4d224df,no,yes,root-or-other,historical,,
PHASE_2_7_EVALUATION_UPLIFT_PROGRESS.md,PHASE_2_7_EVALUATION_UPLIFT_PROGRESS.md,,.md,853,110,b18a668e8663cc725c949d42fb7b99b6,no,yes,root-or-other,historical,,
PHASE_2_7_REAL_RUN_01.md,PHASE_2_7_REAL_RUN_01.md,,.md,196,39,04369016e64d020a5f9fff174c19c2c4,no,yes,root-or-other,historical,PHASE_2_7_REAL_RUN_01.md,04369016e64d020a5f9fff174c19c2c4
PHASE_2_7_SPEC.md,PHASE_2_7_SPEC.md,,.md,1812,384,cc89624c28a8bc49f059e0c44ea16c74,no,yes,root-or-other,historical,,
PHASE_A3_A4_DEAD_LETTER_COMPLETION.md,PHASE_A3_A4_DEAD_LETTER_COMPLETION.md,,.md,359,65,4256b9cdf86dff695af50a00afe36ad0,no,yes,root-or-other,historical,,
PHASE_A5_DAY2_GOVERNANCE_CLOSURE.md,PHASE_A5_DAY2_GOVERNANCE_CLOSURE.md,,.md,806,210,6091b9544b86b92188a0df38913c187b,no,yes,root-or-other,historical,,
PHASE_C_EVIDENCE_PACK.md,PHASE_C_EVIDENCE_PACK.md,,.md,1289,366,a9768465abc8a0d04991ca157b7387ab,no,yes,root-or-other,historical,,
PHASE_C_RELIABILITY_ROADMAP.md,PHASE_C_RELIABILITY_ROADMAP.md,,.md,1064,230,d213526a9568895ac5dde7ed0394dbce,no,no,root-or-other,historical,,
PHASE_D_CLOSURE_COMPREHENSIVE_STATUS.md,PHASE_D_CLOSURE_COMPREHENSIVE_STATUS.md,,.md,1170,252,0f06110536a69cea165af5f857447548,yes,no,root-or-other,historical,,
PHASE_D_PROOF_PACK_REPORT.md,PHASE_D_PROOF_PACK_REPORT.md,,.md,257,83,863926ed5603ba41c23a4fc907ac902c,no,no,root-or-other,historical,,
PHASE_D_RELEASE_FINAL_CANONICAL.md,PHASE_D_RELEASE_FINAL_CANONICAL.md,,.md,632,177,45001602c3916072be0736ff69653d28,yes,no,root-or-other,historical,,
PHASE_D_RELEASE_FINAL_SUMMARY.md,PHASE_D_RELEASE_FINAL_SUMMARY.md,,.md,995,248,b4bee9bb5cddc3c4a7a2cac0f6b59a69,yes,no,root-or-other,historical,,
PHASE_E1_PAUSED_NOMENCLATURE_CANON_VIOLATION.md,PHASE_E1_PAUSED_NOMENCLATURE_CANON_VIOLATION.md,,.md,912,211,d4042abcc793e448ecb503eaab5a6cc0,no,yes,root-or-other,historical,,
PHASE_E1_PRODUCTION_SMOKE.md,PHASE_E1_PRODUCTION_SMOKE.md,,.md,470,98,3553063666f33d1bcebe8d866bf25844,no,yes,root-or-other,historical,,
PHASE_E1_STATUS.md,PHASE_E1_STATUS.md,,.md,722,182,89b47253ec0025d3e2b07754b99931c8,no,yes,root-or-other,historical,,
PHASE_E2_OBSERVABILITY_COMPLETE.md,PHASE_E2_OBSERVABILITY_COMPLETE.md,,.md,1684,467,649f8b1260aab0232f1dd48cfe8f5f37,no,no,root-or-other,historical,,
PHASE_E3_TEST_HYGIENE_PLAN.md,PHASE_E3_TEST_HYGIENE_PLAN.md,,.md,1283,434,e6c35c3a33645ebbd0601f635b24f77f,no,no,planning,draft,,
PHASE_E_INDEX.md,PHASE_E_INDEX.md,,.md,1256,369,f091b9dc06ab89d01f98bd1213e475d8,no,no,root-or-other,historical,,
PRE_PUSH_VERIFICATION.md,PRE_PUSH_VERIFICATION.md,,.md,729,224,c4356e7e2d168937d6f931e505a6b4b7,no,no,root-or-other,historical,,
PRODUCTION_READINESS_CHECKLIST.md,PRODUCTION_READINESS_CHECKLIST.md,,.md,1031,303,a7bcaa8a2d11ffc0a06a49126d3149f6,no,no,root-or-other,historical,PRODUCTION_READINESS_CHECKLIST.md,
PRODUCTION_READINESS_VERIFICATION.md,PRODUCTION_READINESS_VERIFICATION.md,,.md,1537,505,976ffbc9fdf51db398987ebfb9bd4c98,no,no,root-or-other,historical,,
PR_228_ARTIFACT_GATE_ENFORCEMENT_SPEC.md,PR_228_ARTIFACT_GATE_ENFORCEMENT_SPEC.md,,.md,508,140,d096d4a1fa02abf6b4e06ed787dfb248,no,no,root-or-other,historical,,
QC_AUDIT_PHASE2E_CLOSURE.md,QC_AUDIT_PHASE2E_CLOSURE.md,,.md,944,232,65a244215a5b028f8d70870444fb8f31,no,no,audit,draft,,
QUICK_ACTION_PLAN.md,QUICK_ACTION_PLAN.md,,.md,585,139,5488bdf1bcc9765085bab23af5cde654,no,no,planning,draft,,
QUICK_COMMANDS.md,QUICK_COMMANDS.md,,.md,144,72,f9cb922c715db22f36d66e1692bc7fca,no,no,root-or-other,historical,,
QUICK_REFERENCE_RESUME.md,QUICK_REFERENCE_RESUME.md,,.md,385,129,56251388edf6de32a5983d938cfe3faf,no,no,root-or-other,historical,,
README.md,README.md,,.md,495,114,d5985ce110a68bda547cf76f8b72aa30,yes,yes,root-or-other,historical,README.md,
READ_ONLY_API_COMPLETE.md,READ_ONLY_API_COMPLETE.md,,.md,815,284,95e2adcd9c855dfa2344c79c948e0512,yes,no,root-or-other,historical,,
REMOTE_MIGRATION_COMPLETE.md,REMOTE_MIGRATION_COMPLETE.md,,.md,811,190,b9ce2b88f1cc2332b7454f48ceac834c,no,no,root-or-other,historical,,
REPO_GOVERNANCE.md,REPO_GOVERNANCE.md,,.md,207,57,943e4b1b319b0400d5c7b311d4e78807,no,yes,root-or-other,historical,,
ROADMAP.md,ROADMAP.md,,.md,126,22,27d80ad4f0d7e7305cf2562a742ef89e,yes,no,root-or-other,historical,,
ROOT_CAUSE_ANALYSIS.md,ROOT_CAUSE_ANALYSIS.md,,.md,639,153,2e2307ddbd70d21fb1d489ef4aa1172c,no,no,root-or-other,historical,,
SCALE_AUDIT_AND_INDEX_OPTIMIZATION.md,SCALE_AUDIT_AND_INDEX_OPTIMIZATION.md,,.md,579,122,aef0ea959e6942a299d448c611b37758,no,no,audit,draft,,
SCALE_HARDENING_100K_USERS.md,SCALE_HARDENING_100K_USERS.md,,.md,996,264,29de6a61a4a1a5454919e187b4a6a65f,no,no,root-or-other,historical,,
SECRETS_DIAGNOSTIC.md,SECRETS_DIAGNOSTIC.md,,.md,458,111,f7ec23b42dcb5ca78210f75b15fe238b,no,no,root-or-other,historical,,
SESSION_COMPLETE.md,SESSION_COMPLETE.md,,.md,824,246,98be6122edb7002f4b36229b9e85286a,no,no,root-or-other,historical,,
SET_GITHUB_SECRETS.md,SET_GITHUB_SECRETS.md,,.md,78,49,737fc11a12e276bdb52fdbda971d835a,no,no,root-or-other,historical,,
SMOKE_TEST_FIRST_RUN.md,SMOKE_TEST_FIRST_RUN.md,,.md,623,141,1e16c333c028e2befa1232e3a720a599,no,no,root-or-other,historical,,
SPRINT-PLANNING-COMPLETE.md,SPRINT-PLANNING-COMPLETE.md,,.md,657,161,f136c6005e5de5f7515d58d204debe94,no,yes,planning,draft,,
SPRINT_E1_E2_COMPLETION.md,SPRINT_E1_E2_COMPLETION.md,,.md,1254,372,f021abf36923cde79528289265899f0c,no,no,root-or-other,historical,,
STAGING_READY.md,STAGING_READY.md,,.md,1029,270,f86037085e37d40d5d58981ffb093827,no,no,root-or-other,historical,,
STAGING_SMOKE_COMPLETE.md,STAGING_SMOKE_COMPLETE.md,,.md,791,210,8ab22186483c6a568e8f817a11c5556a,no,yes,root-or-other,historical,,
STAGING_SMOKE_READY.md,STAGING_SMOKE_READY.md,,.md,826,211,76bf85bac9a86b37dc1d4db22bea32eb,no,no,root-or-other,historical,,
START-HERE-72HR.md,START-HERE-72HR.md,,.md,520,138,3a6fc4fe564e29a63263fd524baf2b3b,no,no,root-or-other,historical,,
STRATEGIC-ALIGNMENT-72HR.md,STRATEGIC-ALIGNMENT-72HR.md,,.md,998,196,0564860eb8efd2cadcf658b467733527,no,yes,root-or-other,historical,,
SUPABASE_CONTRACT_TESTS_COMPLETE.md,SUPABASE_CONTRACT_TESTS_COMPLETE.md,,.md,1192,259,8a844e5ad1cae2e3c8a8dcdcd18a06cc,no,no,root-or-other,historical,,
T1_DETECTION_COMPLETE.md,T1_DETECTION_COMPLETE.md,,.md,746,189,95eed61fc14832ccf5b6dd24b273fbf9,no,yes,root-or-other,historical,,
T1_T3_COMPLETE.md,T1_T3_COMPLETE.md,,.md,1049,229,b411b9714c6c10adf48da31aa7dbabc4,no,yes,root-or-other,historical,,
VETO_CONDITIONS_ADDED.md,VETO_CONDITIONS_ADDED.md,,.md,909,205,948f4a85025b440d095bea0590c07bc9,no,no,root-or-other,historical,,
WHATS_NEXT.md,WHATS_NEXT.md,,.md,943,270,a329d752ca2c37d9b2aa879dcba02a0b,no,no,root-or-other,historical,,
WORKER_RUNBOOK.md,WORKER_RUNBOOK.md,,.md,1138,385,62213b0e6c52b99dcca71bff0698d71d,yes,yes,runbook,runbook,,
WORK_SESSION_STATUS.md,WORK_SESSION_STATUS.md,,.md,220,49,97b6e25eaeb312dba55ffeaacfbda25b,no,no,root-or-other,historical,,
ZERO_DRIFT_VERIFICATION.md,ZERO_DRIFT_VERIFICATION.md,,.md,1805,430,f22b132813010220da190efeff46d61b,yes,no,root-or-other,historical,,
archive/base44-export/base44_canon_change_request_protocol.md,base44_canon_change_request_protocol.md,archive/base44-export,.md,644,430,7507c558022354840e8a7caddf6b58a8,no,no,root-or-other,historical,,
archive/base44-export/revisiongrade-governance-evaluation-observability-qa-industry-phase0-functional-architecture-spec.md,revisiongrade-governance-evaluation-observability-qa-industry-phase0-functional-architecture-spec.md,archive/base44-export,.md,656,160,eb5193949262b61d2c0b14a83889a859,no,no,root-or-other,historical,,
archive/phase0_docs/MIGRATION_GUIDE.md,MIGRATION_GUIDE.md,archive/phase0_docs,.md,728,233,2c1e42bcbd005bbf980f1ad3b031dcf1,no,no,root-or-other,historical,,
archive/phase0_docs/OPERATIONAL_READINESS.md,OPERATIONAL_READINESS.md,archive/phase0_docs,.md,640,223,e6756bccb5fb7acd4dd1b61edc7cf0b2,no,no,root-or-other,historical,,
archive/phase0_docs/README.md,README.md,archive/phase0_docs,.md,2,1,abf859f6d318429705cf9d7853047264,no,no,root-or-other,historical,README.md,
archive/phase0_docs/base44_jira-epic_revisiongrade-governance-evaluate-surface-yourwriting.md,base44_jira-epic_revisiongrade-governance-evaluate-surface-yourwriting.md,archive/phase0_docs,.md,1991,385,c78af35c20481672778b988739b3f183,yes,yes,root-or-other,historical,,
archive/phase0_docs/bio_governance_canon_master_data_management_MDM_v1.0.md,bio_governance_canon_master_data_management_MDM_v1.0.md,archive/phase0_docs,.md,1722,399,349d634af1fa7405eb82719651556cd9,no,no,root-or-other,historical,,
artifacts/evidence/dominatus-i4/evidence-bundle.md,evidence-bundle.md,artifacts/evidence/dominatus-i4,.md,179,39,54dd86236bef5589a353eadefc1c287d,no,yes,root-or-other,historical,,
calibration/dominatus-i4-acceptance-checklist.md,dominatus-i4-acceptance-checklist.md,calibration,.md,932,148,da43facd65f5225ef0b04b4cfa819e8b,no,yes,root-or-other,historical,,
calibration/dominatus-i4-revisiongrade-gold-standard.md,dominatus-i4-revisiongrade-gold-standard.md,calibration,.md,1717,260,0c38d0480f2bf31716ac19488e40966c,no,yes,root-or-other,historical,,
calibration/dominatus-i4-unaided-ai-baseline.md,dominatus-i4-unaided-ai-baseline.md,calibration,.md,603,116,3831cdc90a498c90cdd0d835d2544340,no,yes,root-or-other,historical,,
calibration/phase0.2/dominatus-lessons-learned-failure-cases.md,dominatus-lessons-learned-failure-cases.md,calibration/phase0.2,.md,253,38,95d8b819668264f88927d1c722d4320b,no,yes,root-or-other,historical,,
docs/13_STORY_EVALUATION_CRITERIA_v1.0.0.md,13_STORY_EVALUATION_CRITERIA_v1.0.0.md,docs,.md,1139,221,557924bd9827929a61e22203b81e196e,no,yes,docs-general,historical,,
docs/ADMIN_ACCESS_SOP.md,ADMIN_ACCESS_SOP.md,docs,.md,860,306,25a80b1934c00705712f3109f2ca2912,no,no,docs-general,historical,,
docs/AI_CONTRIBUTION_GUIDE.md,AI_CONTRIBUTION_GUIDE.md,docs,.md,590,130,57f7e6e78059a57539aea1342f74b829,no,yes,docs-general,historical,,
docs/ALL_TESTS_PASSING.md,ALL_TESTS_PASSING.md,docs,.md,816,253,e9780a206cfda05667d22751cfc3bbbb,no,yes,docs-general,historical,,
docs/ARCHITECTURE_DECISIONS/ADR-007-esm-dynamic-imports.md,ADR-007-esm-dynamic-imports.md,docs/ARCHITECTURE_DECISIONS,.md,69,16,e7234dae212a6c20b0a7e5aa8472112c,no,yes,docs-general,historical,,
docs/AUDIT_EVIDENCE_CI_97b4f56.md,AUDIT_EVIDENCE_CI_97b4f56.md,docs,.md,719,172,54d3a8575db8b1c3c1f627758045d2d4,no,no,audit,draft,,
docs/CANONICAL_PIPELINE_CUTOVER_EXECUTION_MAP.md,CANONICAL_PIPELINE_CUTOVER_EXECUTION_MAP.md,docs,.md,877,99,9c24b0fe3727fe69d037121db376aacd,no,yes,docs-general,historical,,
docs/CANONICAL_RUNTIME_OPERATIONS.md,CANONICAL_RUNTIME_OPERATIONS.md,docs,.md,499,102,deec517bfdbbb73ce11d842faff07d5e,yes,yes,docs-general,historical,,
docs/CANONICAL_VOCABULARY_MIGRATION.md,CANONICAL_VOCABULARY_MIGRATION.md,docs,.md,1409,429,4f2234ce3d8479cf366b835c169962c1,no,no,docs-general,historical,,
docs/CANONICAL_VOCABULARY_QUICK_REF.md,CANONICAL_VOCABULARY_QUICK_REF.md,docs,.md,404,131,36f9b5fc5d36f2b3e3481234b793f48d,no,no,docs-general,historical,,
docs/CANON_PHASE_STATUS_LOCKED.md,CANON_PHASE_STATUS_LOCKED.md,docs,.md,1217,298,4c4f7d6137ac147adff50d5a9209cc65,no,yes,docs-general,historical,,
docs/CANON_SCHEMA_FIXES.md,CANON_SCHEMA_FIXES.md,docs,.md,696,191,faaddfcee08e7a8bd6f514df05b58c99,yes,yes,docs-general,historical,,
docs/CANON_TODO.md,CANON_TODO.md,docs,.md,557,171,dd9cf4ad683113fd6d1ce621a202c2ce,no,yes,docs-general,historical,,
docs/CHUNKING_ARCHITECTURE.md,CHUNKING_ARCHITECTURE.md,docs,.md,367,158,96a90834cb69a2a887a8c907fe83b907,no,no,docs-general,historical,,
docs/CHUNKING_IMPLEMENTATION.md,CHUNKING_IMPLEMENTATION.md,docs,.md,602,132,5ea188f86addb15520362d722211c57d,no,no,docs-general,historical,,
docs/CHUNKING_USAGE.md,CHUNKING_USAGE.md,docs,.md,898,310,c80bb7dbdb3ee12df44f9eb0efbc1614,no,no,docs-general,historical,,
docs/CI_INTEGRATION.md,CI_INTEGRATION.md,docs,.md,350,109,a8f21f37db562d379dc8b31eb761e1c3,no,no,docs-general,historical,,
docs/CI_REFRESH.md,CI_REFRESH.md,docs,.md,14,2,94f8b7f9125eddfee6535be672a0300b,no,no,docs-general,historical,,
docs/CLEAN_RUN_VERIFIED.md,CLEAN_RUN_VERIFIED.md,docs,.md,1088,249,ae0c585e6545839605e7653e82ba17cb,no,no,docs-general,historical,CLEAN_RUN_VERIFIED.md,
docs/CONFIDENCE_SLICE_PREMERGE_CLOSURES.md,CONFIDENCE_SLICE_PREMERGE_CLOSURES.md,docs,.md,239,45,3514a9355d73550f0aa1f80f9e1c8b49,no,no,docs-general,historical,,
docs/CREDENTIAL_CLOSURE_DECISION_2026-04-04.md,CREDENTIAL_CLOSURE_DECISION_2026-04-04.md,docs,.md,313,72,f2672d8dd5718100eb418a2be83d6f9c,no,yes,docs-general,historical,,
docs/CRITICAL_BUG_FIXES.md,CRITICAL_BUG_FIXES.md,docs,.md,1031,304,0f574ec90098daac5c327228a3ae2ee2,no,no,docs-general,historical,,
docs/DAY1_TRACK_A_IMPLEMENTATION.md,DAY1_TRACK_A_IMPLEMENTATION.md,docs,.md,491,119,8c581875944a82d878ff501cb5836727,no,no,docs-general,historical,,
docs/DEPLOYMENT_READY.md,DEPLOYMENT_READY.md,docs,.md,927,210,3434ab30b9532525d55d9d18dd236829,no,no,docs-general,historical,,
docs/E2E_WORKFLOW_BRANCH_MATRIX.md,E2E_WORKFLOW_BRANCH_MATRIX.md,docs,.md,433,82,421fbaf35c656944c41c5b166f0c8d66,no,yes,docs-general,historical,,
docs/EVALUATION_CRITICAL_FILE_PATH.md,EVALUATION_CRITICAL_FILE_PATH.md,docs,.md,3734,464,b95771f3b0f938fb90e098766fe460f2,yes,yes,docs-general,historical,,
docs/EVALUATION_JOBS_ENUM_VALUES.md,EVALUATION_JOBS_ENUM_VALUES.md,docs,.md,386,160,c0552de97afad28b74d6e5d3fa5f5645,yes,no,docs-general,historical,,
docs/EVALUATION_QUALITY_DECONFLICTION.md,EVALUATION_QUALITY_DECONFLICTION.md,docs,.md,728,144,c57442960f4eb607570b4b320d4e7393,no,yes,docs-general,historical,,
docs/EVALUATION_RESULT_SCHEMA_V1.md,EVALUATION_RESULT_SCHEMA_V1.md,docs,.md,1301,519,d95a0d688c92e46bcfa8c935b73bd456,yes,yes,docs-general,historical,,
docs/FOUNDATION_COMPLETE.md,FOUNDATION_COMPLETE.md,docs,.md,463,133,a37ce9e1749fbd87fe309f1e90e10cb2,no,no,docs-general,historical,,
docs/GATE_A4_CLOSURE.md,GATE_A4_CLOSURE.md,docs,.md,261,116,22f9d31156850a9d67603d3f379153a7,no,yes,docs-general,historical,,
docs/GATE_A5_CLOSURE.md,GATE_A5_CLOSURE.md,docs,.md,737,192,9a1e4c89eb506cc854a853d973f8c972,yes,no,docs-general,historical,,
docs/GATE_A5_FLOW1.md,GATE_A5_FLOW1.md,docs,.md,437,120,48ad5d1b330ebce083c2a33919cdeb53,yes,yes,docs-general,historical,,
docs/GATE_A5_FLOW1_CLOSURE.md,GATE_A5_FLOW1_CLOSURE.md,docs,.md,1233,216,48656172921dd3303163c4c87e580314,no,no,docs-general,historical,,
docs/GATE_A6_CLOSURE.md,GATE_A6_CLOSURE.md,docs,.md,271,107,f1cfe826cdc62a58606bf151fc8a8e76,no,no,docs-general,historical,,
docs/GATE_A6_REPORT_CREDIBILITY.md,GATE_A6_REPORT_CREDIBILITY.md,docs,.md,699,309,194018e869958628e363e637b3e4c77c,yes,no,docs-general,historical,,
docs/GATE_A7_CLOSURE.md,GATE_A7_CLOSURE.md,docs,.md,1258,275,5b221f3cdb0bab834745df73f6a020a4,no,yes,docs-general,historical,,
docs/GATE_A7_ENVIRONMENT.md,GATE_A7_ENVIRONMENT.md,docs,.md,242,98,3fe4539dcc8131f7718561fbabf45ab5,no,no,docs-general,historical,,
docs/GATE_A7_QA_QC_PLAN.md,GATE_A7_QA_QC_PLAN.md,docs,.md,251,73,6c2bb2346e8b36632fce3d4074078948,no,no,planning,draft,,
docs/GATE_A7_SLO_SLA_METRICS.md,GATE_A7_SLO_SLA_METRICS.md,docs,.md,143,70,d02be94f1b9161f1d97fde5cbd414866,no,no,docs-general,historical,,
docs/GATE_A7_SYSTEM_SPEC.md,GATE_A7_SYSTEM_SPEC.md,docs,.md,1628,501,03a990d59d61f6385141b9cb4ee0ba36,yes,no,docs-general,historical,,
docs/GATE_A8_SYSTEM_SPEC.md,GATE_A8_SYSTEM_SPEC.md,docs,.md,1361,342,0c7891aed77f907e4c05a0407e6f55d7,yes,yes,docs-general,historical,,
docs/GITHUB_HANDOFF_MASTER_ROADMAP.md,GITHUB_HANDOFF_MASTER_ROADMAP.md,docs,.md,442,92,04b30e651fd0979f8cf5fee26611bfca,yes,yes,docs-general,historical,,
docs/GOLDEN_SPINE.md,GOLDEN_SPINE.md,docs,.md,202,31,d651faf6e23d1768ddb9a6e1a353fd4e,no,no,docs-general,historical,,
docs/GOVERNANCE_AUTHORITY_CHAIN.md,GOVERNANCE_AUTHORITY_CHAIN.md,docs,.md,1108,261,ec0697797458e15140718f7a57e75845,yes,yes,docs-general,historical,,
docs/JOBS_STABILITY_CONTRACT.md,JOBS_STABILITY_CONTRACT.md,docs,.md,314,110,c99f85aec83a7b2744c955fa421d83e1,yes,no,docs-general,historical,,
docs/JOB_CONTRACT_v1.md,JOB_CONTRACT_v1.md,docs,.md,1203,276,f9b26d6deca3004d817c0c9df7e94684,yes,no,docs-general,historical,,
docs/JOB_SYSTEM_CI_CONTRACT.md,JOB_SYSTEM_CI_CONTRACT.md,docs,.md,652,195,2ca7b0568e26266cfd1ee2412df94188,no,no,docs-general,historical,,
docs/LATENCY_PR_CHECKLIST.md,LATENCY_PR_CHECKLIST.md,docs,.md,525,180,91c2ea5d7308387699b980f91a299d2c,no,yes,docs-general,historical,,
docs/MAINTAINER_NOTE_COMPAT_OVERLOAD_NAMING.md,MAINTAINER_NOTE_COMPAT_OVERLOAD_NAMING.md,docs,.md,797,258,f111cd450102db7311a5f8190634e7bd,no,no,docs-general,historical,,
docs/MDM_IMPLEMENTATION_RUNBOOK.md,MDM_IMPLEMENTATION_RUNBOOK.md,docs,.md,2630,748,1ed4acc83b40bf6cdced7fa3521578e3,yes,yes,runbook,runbook,,
docs/MDM_INDEX.md,MDM_INDEX.md,docs,.md,797,208,38c71b7fdf25cb5aa45a20df7168aba3,yes,yes,docs-general,historical,,
docs/MDM_WORK_TYPE_CANON_v1.md,MDM_WORK_TYPE_CANON_v1.md,docs,.md,1743,425,41506532a9267b918dbc461f05d47693,yes,yes,docs-general,historical,,
docs/METRICS_API_v1.md,METRICS_API_v1.md,docs,.md,587,188,a7cc0d15cb8ca1a0ed314340ed20e926,no,no,docs-general,historical,,
docs/MOCK_OPACITY_FIX_COMPLETE.md,MOCK_OPACITY_FIX_COMPLETE.md,docs,.md,1006,298,065e88558c47bda10e2a5f053d477950,no,no,docs-general,historical,,
docs/MOCK_VS_REAL_DIAGNOSTIC.md,MOCK_VS_REAL_DIAGNOSTIC.md,docs,.md,762,249,f17bd62a91fc3da1ae9c52b04bce8a05,no,no,docs-general,historical,,
docs/MULTI_TENANT_DEPLOYMENT.md,MULTI_TENANT_DEPLOYMENT.md,docs,.md,1455,480,9df1eaa45767bfcc115127d06c7de189,no,no,docs-general,historical,,
docs/NEXT_STEPS.md,NEXT_STEPS.md,docs,.md,943,285,9b97b98ad173ebe8b063eb73d830d409,no,no,docs-general,historical,,
docs/NOMENCLATURE_CANON_v1.md,NOMENCLATURE_CANON_v1.md,docs,.md,558,123,f8e3b00e22df2113b76f118b3fabfe66,no,yes,docs-general,historical,,
docs/NOMENCLATURE_STANDARDIZATION_SUMMARY.md,NOMENCLATURE_STANDARDIZATION_SUMMARY.md,docs,.md,916,235,5f90bec272558791d124715645f36c64,no,no,docs-general,historical,,
docs/NPM_AUDIT_NOTES.md,NPM_AUDIT_NOTES.md,docs,.md,543,101,7dab772084df76415120ce46919a8360,yes,yes,audit,draft,NPM_AUDIT_NOTES.md,
docs/OPERATOR_RUNBOOK.md,OPERATOR_RUNBOOK.md,docs,.md,600,142,0ed38515019939067257d370c4763e82,no,no,runbook,runbook,,
docs/PERSISTENCE_CONTRACT.md,PERSISTENCE_CONTRACT.md,docs,.md,1325,400,1390d20ec47f004b4fcb028d1f1ad952,no,yes,docs-general,historical,,
docs/PHASE2C1_CHECKLIST.md,PHASE2C1_CHECKLIST.md,docs,.md,913,172,32723542e96a7f0d90a8ba8c92176ed9,yes,yes,docs-general,historical,,
docs/PHASE2C3_EVIDENCE_COMMAND.md,PHASE2C3_EVIDENCE_COMMAND.md,docs,.md,996,265,686fb87dc9252c1f6152da0d7e517117,no,yes,docs-general,historical,,
docs/PHASE2C4_PERSISTENCE.md,PHASE2C4_PERSISTENCE.md,docs,.md,912,212,1d9e476bbe7cb50ea3a71cbfa6007971,no,yes,docs-general,historical,,
docs/PHASE2C_COMPLETE.md,PHASE2C_COMPLETE.md,docs,.md,1396,214,4dec1db48839f2774c355e8d936c9c0b,no,yes,docs-general,historical,,
docs/PHASE2C_EVIDENCE_COMMAND.md,PHASE2C_EVIDENCE_COMMAND.md,docs,.md,1798,463,a8cc1370fd848b3a50a9ea4155f058e7,no,yes,docs-general,historical,,
docs/PHASE2_SCHEMA_ENFORCEMENT_COMPLETE.md,PHASE2_SCHEMA_ENFORCEMENT_COMPLETE.md,docs,.md,722,188,2ae33f1b6cb7f3f9c7118317525a82e4,yes,no,docs-general,historical,,
docs/PHASE2_SCHEMA_ENFORCEMENT_INDEX.md,PHASE2_SCHEMA_ENFORCEMENT_INDEX.md,docs,.md,491,191,8e781a43707bf21b8a440b4f3d7e769c,yes,no,docs-general,historical,,
docs/PHASE2_VERTICAL_SLICE_PROOF.md,PHASE2_VERTICAL_SLICE_PROOF.md,docs,.md,1273,372,d93ce8be09ec2ede412f526a2b5075da,no,no,docs-general,historical,PHASE2_VERTICAL_SLICE_PROOF.md,
docs/PHASE_2_7_PASS1_CALIBRATION_SCORECARD.md,PHASE_2_7_PASS1_CALIBRATION_SCORECARD.md,docs,.md,1325,144,59757b2301f622324f32faff67045d3a,no,yes,docs-general,historical,,59757b2301f622324f32faff67045d3a
docs/PHASE_2_7_REAL_RUN_READINESS.md,PHASE_2_7_REAL_RUN_READINESS.md,docs,.md,1616,228,cea62f110eca546e41662fd5910c09aa,no,yes,docs-general,historical,,
docs/PHASE_A1_COMPLETE.md,PHASE_A1_COMPLETE.md,docs,.md,383,128,fb89e24e9d979154926427c87a721b17,no,no,docs-general,historical,,
docs/PHASE_A2_STATUS.md,PHASE_A2_STATUS.md,docs,.md,410,108,ae385604b12385121750f23e6745cccb,no,no,docs-general,historical,,
docs/PHASE_A3_DEAD_LETTER_COMPLETE.md,PHASE_A3_DEAD_LETTER_COMPLETE.md,docs,.md,928,264,a99b3e5f3939b50a768e0fbcb239d05e,no,no,docs-general,historical,,
docs/PHASE_A4_COMPLETE.md,PHASE_A4_COMPLETE.md,docs,.md,398,132,0b4c1a0ff8adb8e130b6be1eaaa5b1fc,no,no,docs-general,historical,,
docs/PHASE_A4_OBSERVABILITY.md,PHASE_A4_OBSERVABILITY.md,docs,.md,1147,287,649baacc0c1b72a9d157fd70d720e2ff,no,no,docs-general,historical,,
docs/PHASE_A4_REALITY_CHECK.md,PHASE_A4_REALITY_CHECK.md,docs,.md,828,261,908b961dc9ab93fd26d55a8c4552e386,no,no,docs-general,historical,,
docs/PHASE_A4_TO_A5_TRANSITION.md,PHASE_A4_TO_A5_TRANSITION.md,docs,.md,505,167,a77273e1581db49bed44bff6f5199f3b,no,no,docs-general,historical,,
docs/PHASE_A5_72HR_PLAN.md,PHASE_A5_72HR_PLAN.md,docs,.md,1371,486,339d694da9f65423c0e7eacc765b840a,no,no,planning,draft,,
docs/PHASE_A5_DAY1_PERFECTION.md,PHASE_A5_DAY1_PERFECTION.md,docs,.md,1398,406,e5ea33cf66d6420d7110cc1bab148af2,no,yes,docs-general,historical,,
docs/PHASE_A_JOB_RELIABILITY.md,PHASE_A_JOB_RELIABILITY.md,docs,.md,968,255,0b1004b2aa055aef31eb32bac78e222d,no,no,docs-general,historical,,
docs/PHASE_A_WEEK1_STATUS.md,PHASE_A_WEEK1_STATUS.md,docs,.md,775,230,e15528d373cca0bab9fd8586c6848a4e,no,no,docs-general,historical,,
docs/PHASE_STATUS_AUDIT_VERIFICATION.md,PHASE_STATUS_AUDIT_VERIFICATION.md,docs,.md,1317,323,81f462c0989459c4cf48f509ba3c5bd0,no,yes,audit,draft,,
docs/PRODUCTION_FIXES_VALIDATION.md,PRODUCTION_FIXES_VALIDATION.md,docs,.md,1111,433,d16abd2a4596a595a827a8f976deadfc,no,yes,docs-general,historical,,
docs/PRODUCTION_READINESS_CHECKLIST.md,PRODUCTION_READINESS_CHECKLIST.md,docs,.md,884,180,47575fffb10385777196f525d6de0b46,no,no,docs-general,historical,PRODUCTION_READINESS_CHECKLIST.md,
docs/PRODUCTION_SECRETS_DEPLOY.md,PRODUCTION_SECRETS_DEPLOY.md,docs,.md,885,278,cee2d4f74b75914e2d85a45bd33f729e,no,no,docs-general,historical,,
docs/PROD_ALIGNMENT_AUTOMATION.md,PROD_ALIGNMENT_AUTOMATION.md,docs,.md,231,56,ce52781cd7c0efe3f9cec3cdd7f17c12,no,no,docs-general,historical,,
docs/PROD_EVIDENCE.md,PROD_EVIDENCE.md,docs,.md,115,42,c615ebda0c891340be54b8f37d49d057,no,no,docs-general,historical,,
docs/QUALITY_GATES_v1.md,QUALITY_GATES_v1.md,docs,.md,702,197,62c8b2f3a1fe75b286ae6b74a5d7b2ce,no,yes,docs-general,historical,,
docs/QUICK_START.md,QUICK_START.md,docs,.md,542,172,aa67ef5052f6cf67b6abcbfe20083f3e,no,yes,docs-general,historical,,
docs/RATE_LIMITING.md,RATE_LIMITING.md,docs,.md,932,320,ed498c85f4cd09c8949cafb72a61b3f2,no,yes,docs-general,historical,,
docs/RESUME_SKIP_COMPLETED.md,RESUME_SKIP_COMPLETED.md,docs,.md,991,257,357c71c683c52efac5ea47a53d2e6540,no,no,docs-general,historical,,
docs/REVISIONGRADE_MASTER_ROADMAP.md,REVISIONGRADE_MASTER_ROADMAP.md,docs,.md,1745,444,f8ad7817c6aa85b286c731a6c3a73892,yes,yes,docs-general,historical,,
docs/RLS_POLICIES_v1.md,RLS_POLICIES_v1.md,docs,.md,1146,365,3bd3c400d1d375f116b6e9922ebb633e,no,no,docs-general,historical,,
docs/ROADMAP_2026-04-01.md,ROADMAP_2026-04-01.md,docs,.md,393,77,b054ea3e40e7a6f1a9d779a93f9873de,no,yes,docs-general,historical,,
docs/RevisionGrade_Roadmap_UPDATED.md,RevisionGrade_Roadmap_UPDATED.md,docs,.md,2410,57,b0d68e6f65c075c6fcac59125f264058,no,yes,docs-general,historical,RevisionGrade_Roadmap_UPDATED.md,
docs/SCALABILITY_PLAN.md,SCALABILITY_PLAN.md,docs,.md,1177,384,b12a856a3ca1467eb8edf0b760f75b8c,no,yes,planning,draft,,
docs/SCALE_100K_RUNTIME_PLAYBOOK.md,SCALE_100K_RUNTIME_PLAYBOOK.md,docs,.md,429,77,765ea880e9b6085fc558c411761f6c04,no,yes,docs-general,historical,,
docs/SCHEMA_CODE_NAMING_GOVERNANCE.md,SCHEMA_CODE_NAMING_GOVERNANCE.md,docs,.md,842,305,8e8e4417a8862f9e97493bdf55ebcb4c,yes,yes,docs-general,historical,,
docs/SECURITY_REMEDIATION_2026-01-30.md,SECURITY_REMEDIATION_2026-01-30.md,docs,.md,770,217,dad87ba16df860c759d9e58da99dbc3c,no,no,docs-general,historical,,
docs/SESSION_CLOSURE_EVIDENCE.md,SESSION_CLOSURE_EVIDENCE.md,docs,.md,866,229,db25f060312a14a611f930a71f391d4b,no,yes,docs-general,historical,,
docs/SIPOC_EVALUATION_PROCESS.md,SIPOC_EVALUATION_PROCESS.md,docs,.md,2623,479,be8f673ce4a13ebede9d2dda202b0fa8,no,yes,docs-general,historical,,
docs/SQL_CONCURRENCY_MECHANISM.md,SQL_CONCURRENCY_MECHANISM.md,docs,.md,767,251,ffe8d7a157e9fb0bcc22b8c44f048e2a,no,no,docs-general,historical,,
docs/STABILITY_CHECKPOINT.md,STABILITY_CHECKPOINT.md,docs,.md,811,208,cd5ab7091df233d4cd332734f1d9b173,no,yes,docs-general,historical,,
docs/STABILITY_TESTS_PASSING.md,STABILITY_TESTS_PASSING.md,docs,.md,492,153,1bde08eca84e7934e7a94ba855ada4ba,no,no,docs-general,historical,,
docs/STAGE2_ANCHORED_TELEMETRY_SQL_2026-03-16.md,STAGE2_ANCHORED_TELEMETRY_SQL_2026-03-16.md,docs,.md,273,96,ab70e3b7bcfcee5c1075de93de8cf08e,no,no,docs-general,historical,,
docs/STAGE2_REVISION_HYDRATION_CLOSURE_EVIDENCE_2026-03-16.md,STAGE2_REVISION_HYDRATION_CLOSURE_EVIDENCE_2026-03-16.md,docs,.md,427,117,0cde0a8a66031a062807894ee2df06ff,no,yes,docs-general,historical,,
docs/STAGING_DEPLOYMENT_ACTION_PLAN.md,STAGING_DEPLOYMENT_ACTION_PLAN.md,docs,.md,454,123,21e7239459fbc06361de5ebde9366cc4,no,no,planning,draft,,
docs/STAGING_DEPLOY_CHECKLIST.md,STAGING_DEPLOY_CHECKLIST.md,docs,.md,1388,370,72dc0e98dff1849866ebdeee5dd7e5b3,no,no,docs-general,historical,,
docs/STAGING_SMOKE_QUICKSTART.md,STAGING_SMOKE_QUICKSTART.md,docs,.md,467,129,ab893fb9ab569c76048283f439dbc1a2,no,no,docs-general,historical,,
docs/STAGING_VERIFICATION.md,STAGING_VERIFICATION.md,docs,.md,1479,489,557648626f83ce7208c22553af418077,no,no,docs-general,historical,,
docs/SUPABASE_ERROR_PROOFING_COMPLETE.md,SUPABASE_ERROR_PROOFING_COMPLETE.md,docs,.md,781,243,feb7f6faf9cae0d9bc6109ffd5089399,no,yes,docs-general,historical,,
docs/SUPABASE_PROJECTS.md,SUPABASE_PROJECTS.md,docs,.md,634,188,29256f165b874f384bd932b3aa58773c,no,yes,docs-general,historical,,
docs/TESTS_6_7_EVIDENCE.md,TESTS_6_7_EVIDENCE.md,docs,.md,581,167,1dcca63e2b66405602a1cbc8043de0f1,no,no,docs-general,historical,,
docs/TEST_6_VERIFIED.md,TEST_6_VERIFIED.md,docs,.md,624,164,37d7dde214bd2936cfda3be4d33b13ed,no,no,docs-general,historical,,
docs/TEST_7_VERIFIED.md,TEST_7_VERIFIED.md,docs,.md,908,242,7c3274dbb47e05b00c7be89150936f71,no,no,docs-general,historical,,
docs/TEST_ENV.md,TEST_ENV.md,docs,.md,161,40,781a7c4f6b1352b22e0f8727ee7e8ea7,no,no,docs-general,historical,,
docs/TEST_REFACTORING_POLLING.md,TEST_REFACTORING_POLLING.md,docs,.md,453,113,c5be5a09bbfffa4f24122cf74dd9def0,yes,no,docs-general,historical,,
docs/U2_U3_READINESS_CHECKLIST.md,U2_U3_READINESS_CHECKLIST.md,docs,.md,169,38,ae77e7b66c249ad6ae163d80b8b3e27c,no,no,docs-general,historical,,
docs/VERCEL_DEPLOYMENT.md,VERCEL_DEPLOYMENT.md,docs,.md,529,136,48fa01eb789433dd52983b2acc894c27,no,no,docs-general,historical,,
docs/VERIFICATION_CONTRACT.md,VERIFICATION_CONTRACT.md,docs,.md,290,65,be9ac1a2e8edf63b6f8f6f31c18df613,no,no,docs-general,historical,,
docs/VERIFICATION_GOLD_STANDARD.md,VERIFICATION_GOLD_STANDARD.md,docs,.md,483,105,3d86709e95a2255292efab734b09f191,no,no,docs-general,historical,,
docs/VERIFICATION_SETUP.md,VERIFICATION_SETUP.md,docs,.md,308,118,9c9e46a53a00ad0eaf61f6e65b815b29,no,no,docs-general,historical,,
docs/WAVE_REVISION_GUIDE_CANON.md,WAVE_REVISION_GUIDE_CANON.md,docs,.md,1419,298,1b9069627ba4b8acb820830fa069cdc9,yes,yes,docs-general,historical,,
docs/WHEN_YOU_RETURN.md,WHEN_YOU_RETURN.md,docs,.md,700,224,484c02f3af95e7da898df23b7dd2335d,no,yes,docs-general,historical,,
docs/WHITE_GLOVE_FACTORY.md,WHITE_GLOVE_FACTORY.md,docs,.md,623,208,2ac7434d76db7b9f47e754dd8424a1d2,no,yes,docs-general,historical,,
docs/WORD_COUNT_STANDARDS.md,WORD_COUNT_STANDARDS.md,docs,.md,597,177,94f9aed962cf8f8a0b350dc94f087cfa,yes,no,docs-general,historical,,
docs/WORK_TYPE_REGISTRY.md,WORK_TYPE_REGISTRY.md,docs,.md,1835,682,9915348444cf4686e5804331902f4861,yes,no,docs-general,historical,,
docs/archive/PHASE_A4_ROADMAP_IDEMPOTENCY_ARCHIVED.md,PHASE_A4_ROADMAP_IDEMPOTENCY_ARCHIVED.md,docs/archive,.md,1117,331,8905387790745c22a945e3f9dd590782,no,no,docs-general,historical,,
docs/archive/RevisionGrade_Roadmap_UPDATED.md,RevisionGrade_Roadmap_UPDATED.md,docs/archive,.md,7212,228,e799745857ec52bbbcc115f8e9ec0762,yes,yes,docs-general,historical,RevisionGrade_Roadmap_UPDATED.md,
docs/archive/llr-003-pre-v2/00_ARCHIVE_MANIFEST.md,00_ARCHIVE_MANIFEST.md,docs/archive/llr-003-pre-v2,.md,150,27,170b970216b943a169db877b57bae61f,no,no,docs-general,historical,,
docs/archive/phase-a5-day1/PHASE_A5_DAY1_COMPLETE.md,PHASE_A5_DAY1_COMPLETE.md,docs/archive/phase-a5-day1,.md,957,309,c44ee76dceb2256ffc33f59f8c766c14,no,no,docs-general,historical,,
docs/archive/phase-a5-day1/PHASE_A5_DAY1_HARDENED.md,PHASE_A5_DAY1_HARDENED.md,docs/archive/phase-a5-day1,.md,1331,368,214b960ffaa6340ec383eca244e40824,yes,yes,docs-general,historical,,
docs/canon/AUTHORITY.md,AUTHORITY.md,docs/canon,.md,430,148,d2174afcf713d90370dddb5c38609070,yes,yes,docs-general,historical,AUTHORITY.md,
docs/canon/README.md,README.md,docs/canon,.md,202,50,a6496a0a8c3e9ae32ead79cd230279cc,yes,yes,docs-general,historical,README.md,
"docs/canon/intake/_md/1. WAVE CONTROL LAYER Priority, Gating, Ordering, Conflict Resolution.md","1. WAVE CONTROL LAYER Priority, Gating, Ordering, Conflict Resolution.md",docs/canon/intake/_md,.md,1889,796,5c3d78fe011ef616ac4252a1b1bcb4cb,no,yes,canon-intake,draft,,
docs/canon/intake/_md/Binary Acceptance Checklist for Evaluations v1.md,Binary Acceptance Checklist for Evaluations v1.md,docs/canon/intake/_md,.md,744,299,a184d41ab77a901b5846114ef2c0b71c,no,yes,canon-intake,draft,,
docs/canon/intake/_md/CANON III Lessons of the RevisionGrade Living System (internal and external authority layers).md,CANON III Lessons of the RevisionGrade Living System (internal and external authority layers).md,docs/canon/intake/_md,.md,545,178,42e0aac3087f6943ae8193f1c9539bb1,no,no,canon-intake,draft,,
docs/canon/intake/_md/CANONICAL-PLACEMENT-DECISION-RECORD-(CPDR)-001-CANON-ENFORCEMENT-PLACEMENT.md,CANONICAL-PLACEMENT-DECISION-RECORD-(CPDR)-001-CANON-ENFORCEMENT-PLACEMENT.md,docs/canon/intake/_md,.md,606,92,3fbe36ede732a8af194cc581c54bd8b8,yes,yes,canon-intake,draft,,
docs/canon/intake/_md/CANONICAL_VOCABULARY.md,CANONICAL_VOCABULARY.md,docs/canon/intake/_md,.md,941,177,2ba13e7fc2ae785517de32924e3a1991,no,no,canon-intake,draft,,
docs/canon/intake/_md/Canon Codex Execution System (Wave 55+REC-1A Ritual Law+Zone Theory Structural Law+Wave 31 Pressure Continuity+Ownership Law).md,Canon Codex Execution System (Wave 55+REC-1A Ritual Law+Zone Theory Structural Law+Wave 31 Pressure Continuity+Ownership Law).md,docs/canon/intake/_md,.md,13433,5253,4b8d97eb5ae56443c2aa11a57f939a3c,yes,yes,canon-intake,draft,,
docs/canon/intake/_md/DOCTRINE-REGISTRY-V2.1.md,DOCTRINE-REGISTRY-V2.1.md,docs/canon/intake/_md,.md,2098,148,6b72002d1a0a014e317eb3d94613d391,yes,yes,canon-intake,draft,,
docs/canon/intake/_md/DRAFT Volume IV Governance - Unified Enforcement Layers Enforcement Model to Ensure Evaluations are Based on Truth.md,DRAFT Volume IV Governance - Unified Enforcement Layers Enforcement Model to Ensure Evaluations are Based on Truth.md,docs/canon/intake/_md,.md,1566,504,0a91eee9d67cc4883b1f1fe979457367,yes,yes,canon-intake,draft,,
"docs/canon/intake/_md/Doctrine Registry Sketch — WAVE 31 LW, WAVE 55 L, RITUAL EDITOR 1 V2.md","Doctrine Registry Sketch — WAVE 31 LW, WAVE 55 L, RITUAL EDITOR 1 V2.md",docs/canon/intake/_md,.md,349,28,60dce67c15b1abe7accb1974f99a4530,no,yes,canon-intake,draft,,
docs/canon/intake/_md/E2E Evaluation Flow Architecture.md,E2E Evaluation Flow Architecture.md,docs/canon/intake/_md,.md,99,43,5597884bac57d866ad1e6f49524beab6,no,yes,canon-intake,draft,,
docs/canon/intake/_md/Evaluator Service Layer (Passes 1 2 3 actual AI prompts wired into API calls.md,Evaluator Service Layer (Passes 1 2 3 actual AI prompts wired into API calls.md,docs/canon/intake/_md,.md,1638,600,ae03fb284d981a530ec7ec02f8b67c83,no,yes,canon-intake,draft,,
docs/canon/intake/_md/Fixture-canon Guardrail to CI - BLAST RADIUS RULE.md,Fixture-canon Guardrail to CI - BLAST RADIUS RULE.md,docs/canon/intake/_md,.md,1221,345,996d59b443c6337b081c33e14817f3b7,yes,yes,canon-intake,draft,,
docs/canon/intake/_md/GATE_15_1_IMPLEMENTATION_PLAN.md.md,GATE_15_1_IMPLEMENTATION_PLAN.md.md,docs/canon/intake/_md,.md,1872,722,c6a129b13fe000e2b61a804276c35956,no,yes,canon-intake,draft,,
docs/canon/intake/_md/GATE_15_1_PR1_CANON_AND_SCHEMA_SPEC.md.md,GATE_15_1_PR1_CANON_AND_SCHEMA_SPEC.md.md,docs/canon/intake/_md,.md,642,336,edb38d43abf9615d3749be312facf96d,no,yes,canon-intake,draft,,
docs/canon/intake/_md/GATE_15_1_PR2_LAYER1_VALIDATOR_SPEC.md.md,GATE_15_1_PR2_LAYER1_VALIDATOR_SPEC.md.md,docs/canon/intake/_md,.md,1429,548,43c08da63263871dd595441291beb1b1,no,yes,canon-intake,draft,,
docs/canon/intake/_md/GATE_15_1_PR3_GOVERNANCE_ENFORCEMENT_SPEC.md.md,GATE_15_1_PR3_GOVERNANCE_ENFORCEMENT_SPEC.md.md,docs/canon/intake/_md,.md,915,356,bd0a733423f9637d921a8ed5b3c64887,yes,yes,canon-intake,draft,,
docs/canon/intake/_md/GATE_15_1_PR4_LAYER2_STRUCTURAL_REVIEW_ENGINE_SPEC.md.md,GATE_15_1_PR4_LAYER2_STRUCTURAL_REVIEW_ENGINE_SPEC.md.md,docs/canon/intake/_md,.md,1563,500,e015c62070bca8df6c5d446a569264e1,no,yes,canon-intake,draft,,
docs/canon/intake/_md/GATE_15_1_PR5_FRONT_END_VISIBILITY_SPEC.md.md,GATE_15_1_PR5_FRONT_END_VISIBILITY_SPEC.md.md,docs/canon/intake/_md,.md,1618,564,f7d7806ad18767f916e2ee46017dc9ad,no,yes,canon-intake,draft,,
docs/canon/intake/_md/GATE_15_1_PR6_EVIDENCE_PACK_AND_AUDIT_VISIBILITY_SPEC.md.md,GATE_15_1_PR6_EVIDENCE_PACK_AND_AUDIT_VISIBILITY_SPEC.md.md,docs/canon/intake/_md,.md,1613,539,d5352a3a798dd1827147078c1adcff97,no,no,canon-intake,draft,,
docs/canon/intake/_md/GATE_15_2_PR1_CANON_AND_SCHEMA_SPEC.md.md,GATE_15_2_PR1_CANON_AND_SCHEMA_SPEC.md.md,docs/canon/intake/_md,.md,928,425,fd91900a01f51fb111c183942045a979,yes,yes,canon-intake,draft,,
docs/canon/intake/_md/GATE_15_2_PR2_LAYER1_CLASSIFIER_SPEC.md.md,GATE_15_2_PR2_LAYER1_CLASSIFIER_SPEC.md.md,docs/canon/intake/_md,.md,812,594,6b392602d41180947721884e28f9e5f4,no,no,canon-intake,draft,,
docs/canon/intake/_md/GATE_15_2_PR3_GOVERNANCE_ENFORCEMENT_SPEC.md.md,GATE_15_2_PR3_GOVERNANCE_ENFORCEMENT_SPEC.md.md,docs/canon/intake/_md,.md,725,632,74911b50cda92e572ee16591b8a29d23,no,no,canon-intake,draft,,
docs/canon/intake/_md/GATE_15_CANON.md.md,GATE_15_CANON.md.md,docs/canon/intake/_md,.md,635,311,289b204345a893808880d61813792a95,no,yes,canon-intake,draft,,
docs/canon/intake/_md/Gate 15 System Architecture.md.md,Gate 15 System Architecture.md.md,docs/canon/intake/_md,.md,1917,705,f0e0ac770584130cdfd3e19ed348da87,yes,yes,canon-intake,draft,,
docs/canon/intake/_md/Gate 15.1 Mechanical Purity & Structure.md,Gate 15.1 Mechanical Purity & Structure.md,docs/canon/intake/_md,.md,2228,327,3413758179234deb3ec1f8cf29b915a9,no,yes,canon-intake,draft,,
docs/canon/intake/_md/Gate 15.1 Overcorrection Firewall (do not break what matters).md,Gate 15.1 Overcorrection Firewall (do not break what matters).md,docs/canon/intake/_md,.md,2678,559,6101a91e4fd74f7fc5175dd6dde12a6f,no,yes,canon-intake,draft,,
docs/canon/intake/_md/Gate 15.2 PR4 Layer 2 Functional Review Specification.md,Gate 15.2 PR4 Layer 2 Functional Review Specification.md,docs/canon/intake/_md,.md,642,551,aab1212c504dd86c194cbaf07b3b98c2,no,yes,canon-intake,draft,,
docs/canon/intake/_md/Gate 15.2 PR5 UI Visibility Specification.md,Gate 15.2 PR5 UI Visibility Specification.md,docs/canon/intake/_md,.md,354,293,f26efe880e3a17127eac3a4e286d6bd5,no,no,canon-intake,draft,,
docs/canon/intake/_md/Gate 15.2 PR6 Evidence and Audit Specification.md,Gate 15.2 PR6 Evidence and Audit Specification.md,docs/canon/intake/_md,.md,309,291,b0d3c62aa12b641c0f4c11435bee9b4e,no,no,canon-intake,draft,,
docs/canon/intake/_md/Gold Standard Chapter 47 LOST WORLD LESSONS — DOCTRINE REGISTRY ADDENDUM RevisionGrade × DOMINATUS Integration.md,Gold Standard Chapter 47 LOST WORLD LESSONS — DOCTRINE REGISTRY ADDENDUM RevisionGrade × DOMINATUS Integration.md,docs/canon/intake/_md,.md,14013,2609,f58cf9538f86cd7359a43192fc4b157a,yes,yes,canon-intake,draft,,
docs/canon/intake/_md/LIVE FIRST IMPLEMENTATION PASS TEST CHAPTERS.md,LIVE FIRST IMPLEMENTATION PASS TEST CHAPTERS.md,docs/canon/intake/_md,.md,855,336,6aaea64b55ccb266e69fa9d80f1ee4fe,no,yes,canon-intake,draft,,
docs/canon/intake/_md/Multi-Gate Pipeline (Integration).md,Multi-Gate Pipeline (Integration).md,docs/canon/intake/_md,.md,1195,526,4a8d5a619212b095bada0ff00954882b,no,yes,canon-intake,draft,,
docs/canon/intake/_md/Normalized Gold Standard CANONICAL ACCEPTANCE COMPARATOR v1.md,Normalized Gold Standard CANONICAL ACCEPTANCE COMPARATOR v1.md,docs/canon/intake/_md,.md,1558,420,8ea4929af7176b713f262396a75d3cd3,no,yes,canon-intake,draft,,
docs/canon/intake/_md/Orchestrator service the final layer that runs pipeline end to end using RPC functions..md,Orchestrator service the final layer that runs pipeline end to end using RPC functions..md,docs/canon/intake/_md,.md,831,332,0dece49e3adb26ddfc6bd10561fe57ae,no,yes,canon-intake,draft,,
docs/canon/intake/_md/PHASE 0.1–0.3 — CANON INTEGRATION & GOVERNANCE ENFORCEMENT SPEC.md,PHASE 0.1–0.3 — CANON INTEGRATION & GOVERNANCE ENFORCEMENT SPEC.md,docs/canon/intake/_md,.md,2575,817,75cf03736618dbf22e68b92f6b50131d,no,yes,canon-intake,draft,,
docs/canon/intake/_md/Patched wave-executor.ts + SQL migration to persist diffs-revised text & orchestrator patch.md,Patched wave-executor.ts + SQL migration to persist diffs-revised text & orchestrator patch.md,docs/canon/intake/_md,.md,1068,471,26e13821a864ebd0a56d54563041ae04,no,yes,canon-intake,draft,,
docs/canon/intake/_md/README Jest enforcement harness starter set.md,README Jest enforcement harness starter set.md,docs/canon/intake/_md,.md,42,10,f47edfcedfc20e4006909caf4979d562,no,yes,canon-intake,draft,,
docs/canon/intake/_md/REVISIONGRADE CANON ADDENDUM Criterion Observability & Signal Sufficiency Model.md,REVISIONGRADE CANON ADDENDUM Criterion Observability & Signal Sufficiency Model.md,docs/canon/intake/_md,.md,56876,14905,f08a6f2faabebd827e8253b3909de17e,yes,yes,canon-intake,draft,,
docs/canon/intake/_md/REVISIONGRADE EVALUATION & RUNTIME GOVERNANCE — v1.0.0 (Carry-Forward Canon).md,REVISIONGRADE EVALUATION & RUNTIME GOVERNANCE — v1.0.0 (Carry-Forward Canon).md,docs/canon/intake/_md,.md,844,371,e9e979da6dc559383c5f30cb84dd5a9d,yes,yes,canon-intake,draft,,
docs/canon/intake/_md/REVISIONGRADE PIPELINE — RPC-FUNCTIONS LAYER Canon-aligned state advancement and guarded EXECUTION SQL.md,REVISIONGRADE PIPELINE — RPC-FUNCTIONS LAYER Canon-aligned state advancement and guarded EXECUTION SQL.md,docs/canon/intake/_md,.md,2783,1433,f12dcc733167dfb823acc07729edc99b,no,yes,canon-intake,draft,,
docs/canon/intake/_md/REVISIONGRADE-CANON-ASSEMBLY-MATRIX-UPDATED.md,REVISIONGRADE-CANON-ASSEMBLY-MATRIX-UPDATED.md,docs/canon/intake/_md,.md,2517,418,43a51256ebe10015f52068f7f9ca0576,yes,yes,canon-intake,draft,,
docs/canon/intake/_md/REVISIONGRADE_REPO_AUTHORITY_RULES.md.md,REVISIONGRADE_REPO_AUTHORITY_RULES.md.md,docs/canon/intake/_md,.md,500,240,0b2ac0c8fcd7fa4f19dae462cd0dd430,yes,yes,canon-intake,draft,,
docs/canon/intake/_md/Repo-ready starter set for Supabase migration file_generated-style Database types_RLS policy set.md,Repo-ready starter set for Supabase migration file_generated-style Database types_RLS policy set.md,docs/canon/intake/_md,.md,5158,1490,c438aa59a99081b562144865e22427f1,no,yes,canon-intake,draft,,
docs/canon/intake/_md/RevisionGrade Evaluation Pipeline - Optimization Roadmap V6.md,RevisionGrade Evaluation Pipeline - Optimization Roadmap V6.md,docs/canon/intake/_md,.md,7787,1148,d2fbfba924182f1f8ad41dfb6a952b58,yes,yes,canon-intake,draft,,
docs/canon/intake/_md/RevisionGrade Runtime Bundle — Full Enforcement Harness.md,RevisionGrade Runtime Bundle — Full Enforcement Harness.md,docs/canon/intake/_md,.md,3042,630,8e7f2b3f9f21dfc5b12a516ea37261e5,yes,yes,canon-intake,draft,,
docs/canon/intake/_md/RevisionGrade Runtime Bundle — Prompt Validator Finalizer Upgrade.md,RevisionGrade Runtime Bundle — Prompt Validator Finalizer Upgrade.md,docs/canon/intake/_md,.md,4135,1518,0c2b215d17ca7c128aff60e9affa6d0c,yes,yes,canon-intake,draft,,
docs/canon/intake/_md/RevisionGrade System Overview  - The Governed Narrative Evaluation and Revision Platform.md,RevisionGrade System Overview  - The Governed Narrative Evaluation and Revision Platform.md,docs/canon/intake/_md,.md,753,449,8960a1412670c451f70188764b1c4e03,no,yes,canon-intake,draft,,
docs/canon/intake/_md/RevisionGrade User Interface (UI) Design & Build.md,RevisionGrade User Interface (UI) Design & Build.md,docs/canon/intake/_md,.md,2560,753,27161d2b185b0a5538bde88c0b8f186a,yes,yes,canon-intake,draft,,
docs/canon/intake/_md/RevisionGrade Volumes I–V Definitions and Content Registry View.md,RevisionGrade Volumes I–V Definitions and Content Registry View.md,docs/canon/intake/_md,.md,805,158,682a26d31dbaa3e7a18109f68836c049,no,yes,canon-intake,draft,,
docs/canon/intake/_md/RevisionGrade — Output Quality Upgrade Spec.md,RevisionGrade — Output Quality Upgrade Spec.md,docs/canon/intake/_md,.md,2859,950,6957a739b6ffec4359269a93f9cda1ae,no,yes,canon-intake,draft,,
docs/canon/intake/_md/RevisionGrade — System Diagram & Investor Overview.md,RevisionGrade — System Diagram & Investor Overview.md,docs/canon/intake/_md,.md,501,343,c9e1aee769c0515f02767818ba6c8f1b,no,yes,canon-intake,draft,,
docs/canon/intake/_md/Ritual-aware editor CANON.md,Ritual-aware editor CANON.md,docs/canon/intake/_md,.md,9540,2396,eedb48c317a0bf0b65957b5b06fc9ae2,no,yes,canon-intake,draft,,
docs/canon/intake/_md/Summary Evaluation Build Passes 1-3 activity (22 Mar 2026).md,Summary Evaluation Build Passes 1-3 activity (22 Mar 2026).md,docs/canon/intake/_md,.md,25633,8874,cf069277fcbe2d00df528d4861595689,yes,yes,canon-intake,draft,,
docs/canon/intake/_md/Supabase table design + TypeScript types for Passes 1-3 (EVALUTIONS).md,Supabase table design + TypeScript types for Passes 1-3 (EVALUTIONS).md,docs/canon/intake/_md,.md,2461,797,767dbd44346807f6506351a12d2b1bd2,no,yes,canon-intake,draft,,
docs/canon/intake/_md/The 3-doctrine structure WAVE-31-LW → pressure WAVE-55-L → compression control RITUAL-EDITOR-1 → arbitration layer .md,The 3-doctrine structure WAVE-31-LW → pressure WAVE-55-L → compression control RITUAL-EDITOR-1 → arbitration layer .md,docs/canon/intake/_md,.md,1081,246,9fe6bbbcea9c62b370c5ca7fee733e65,yes,yes,canon-intake,draft,,
docs/canon/intake/_md/VOLUME I WAVE REVISION GUIDE CANON V22.md,VOLUME I WAVE REVISION GUIDE CANON V22.md,docs/canon/intake/_md,.md,19595,5959,2d4aac97f80cfc078873991064508d5b,yes,yes,canon-intake,draft,,
docs/canon/intake/_md/VOLUME I — ADDENDUM II PROSE AUTHORITY CANON.md,VOLUME I — ADDENDUM II PROSE AUTHORITY CANON.md,docs/canon/intake/_md,.md,521,238,e73f2aea5c67d43a4c598e37cc54bf62,no,no,canon-intake,draft,,
docs/canon/intake/_md/VOLUME II A OPERATIONAL SCHEMA.md,VOLUME II A OPERATIONAL SCHEMA.md,docs/canon/intake/_md,.md,2543,905,21ac78b35a9015919f47d7956e15a4b0,yes,yes,canon-intake,draft,,
docs/canon/intake/_md/VOLUME II — STORY EVALUATION CRITERIA & ANALYTICAL FRAMEWORK (V2.0).md,VOLUME II — STORY EVALUATION CRITERIA & ANALYTICAL FRAMEWORK (V2.0).md,docs/canon/intake/_md,.md,9860,3038,f1f0b1843df14124629008b4c1fbb66f,yes,yes,canon-intake,draft,,
docs/canon/intake/_md/VOLUME II-A-PR — Prompt Runtime Binding Spec (Engineering Grade).md,VOLUME II-A-PR — Prompt Runtime Binding Spec (Engineering Grade).md,docs/canon/intake/_md,.md,4444,668,fba7b20be0fb358b1ff3b1d57e67ff06,yes,yes,canon-intake,draft,,
docs/canon/intake/_md/VOLUME III PASS 2 — PROMPT SPECIFICATION (INDEPENDENT EVALUATION ENGINE).md,VOLUME III PASS 2 — PROMPT SPECIFICATION (INDEPENDENT EVALUATION ENGINE).md,docs/canon/intake/_md,.md,699,282,cf7cb391d8f05a9bcb81f22f2db788d2,no,yes,canon-intake,draft,,
docs/canon/intake/_md/VOLUME III PASS 3 — PROMPT SPECIFICATION (CONVERGENCE ENGINE).md,VOLUME III PASS 3 — PROMPT SPECIFICATION (CONVERGENCE ENGINE).md,docs/canon/intake/_md,.md,599,260,d049682839e176360bec6edb45971f5c,no,yes,canon-intake,draft,,
docs/canon/intake/_md/VOLUME III — EVALUATION PIPELINE ARCHITECTURE (PASS SYSTEM).md,VOLUME III — EVALUATION PIPELINE ARCHITECTURE (PASS SYSTEM).md,docs/canon/intake/_md,.md,3542,1643,1f6692b88620082fc6515e40de34bb2a,yes,yes,canon-intake,draft,,
docs/canon/intake/_md/VOLUME III — EVALUATION PIPELINE ARCHITECTURE WAVE EXECUTION SYSTEM.md,VOLUME III — EVALUATION PIPELINE ARCHITECTURE WAVE EXECUTION SYSTEM.md,docs/canon/intake/_md,.md,782,247,b56cda23610358dd05123429ea59892b,no,yes,canon-intake,draft,,
docs/canon/intake/_md/VOLUME III — FINAL PIPELINE DIAGRAM + STATE MODEL.md,VOLUME III — FINAL PIPELINE DIAGRAM + STATE MODEL.md,docs/canon/intake/_md,.md,1585,780,a88cfde672ad421aae3cb38842c3c440,yes,yes,canon-intake,draft,,
docs/canon/intake/_md/VOLUME III — PASS 1 EVALUATION PIPELINE ARCHITECTURE (STRUCTURAL EVALUATION).md,VOLUME III — PASS 1 EVALUATION PIPELINE ARCHITECTURE (STRUCTURAL EVALUATION).md,docs/canon/intake/_md,.md,556,205,26fa685e7dba740d24ac4293da90691f,no,yes,canon-intake,draft,,
docs/canon/intake/_md/VOLUME III — PIPELINE API  JSON SCHEMA FOR EVALUATION PIPELINE.md,VOLUME III — PIPELINE API  JSON SCHEMA FOR EVALUATION PIPELINE.md,docs/canon/intake/_md,.md,2151,1200,9521c31c502795a0d337d39b0d94c106,yes,yes,canon-intake,draft,,
docs/canon/intake/_md/VOLUME III_PLATFORM_GOVERNANCE_CANON_MASTER.md,VOLUME III_PLATFORM_GOVERNANCE_CANON_MASTER.md,docs/canon/intake/_md,.md,9207,2309,ffcd7280285bd4ad5168455f0d9580db,yes,yes,canon-intake,draft,,
docs/canon/intake/_md/VOLUME IV-AI-Governance-Canon-UPDATED.md,VOLUME IV-AI-Governance-Canon-UPDATED.md,docs/canon/intake/_md,.md,5008,1057,49b270bb2b4f68b29f987a80ced0f0ab,no,yes,canon-intake,draft,,
docs/canon/intake/_md/VOLUME V — EXECUTION ARCHITECTURE & INDUSTRY INTERFACE CANON.md,VOLUME V — EXECUTION ARCHITECTURE & INDUSTRY INTERFACE CANON.md,docs/canon/intake/_md,.md,5918,1477,972c229b49aad7a0f6a30c047bbb49ed,no,yes,canon-intake,draft,,
docs/canon/intake/_md/VOLUME_V_CONTROLLED_DIALOGUE_ATTRIBUTION_PURITY_GATE_VOCABULARY_REGISTER.md.md,VOLUME_V_CONTROLLED_DIALOGUE_ATTRIBUTION_PURITY_GATE_VOCABULARY_REGISTER.md.md,docs/canon/intake/_md,.md,526,136,5c5acfd63d8d01a0050a06bf0456ea6b,no,no,canon-intake,draft,,
docs/canon/intake/_md/Volume VI_Governance_Front-End Visibility (UI & Wireframes) Visual Wireframes & PR Mapped v5.md,Volume VI_Governance_Front-End Visibility (UI & Wireframes) Visual Wireframes & PR Mapped v5.md,docs/canon/intake/_md,.md,20044,5632,9d597bc9779f4d6fb0fdfc26fde2764c,yes,yes,canon-intake,draft,,
docs/canon/intake/_md/Volumes I-V Definitions and Content (Registery View).md,Volumes I-V Definitions and Content (Registery View).md,docs/canon/intake/_md,.md,93,45,447ede636edb97bd0253ac080723f0b3,no,yes,canon-intake,draft,,
docs/canon/intake/_md/WAVE 31 Scene-to-Scene Pressure Carry Engine.md,WAVE 31 Scene-to-Scene Pressure Carry Engine.md,docs/canon/intake/_md,.md,557,242,dba19bcd8af02707d43c5f31188569cd,no,yes,canon-intake,draft,,
docs/canon/intake/_md/WAVE 33–40 BLOCK Escalation + Pacing Spine.md,WAVE 33–40 BLOCK Escalation + Pacing Spine.md,docs/canon/intake/_md,.md,1826,662,9523f4e78089802e4488f460e8b02de0,no,yes,canon-intake,draft,,
docs/canon/intake/_md/WAVE 48 — VOICE CONSISTENCY ACROSS CHAPTER Voice Integrity & Drift Control Engine.md,WAVE 48 — VOICE CONSISTENCY ACROSS CHAPTER Voice Integrity & Drift Control Engine.md,docs/canon/intake/_md,.md,1046,410,ba2f5c4ba6aa0b304c6e425e8f1e29d5,no,yes,canon-intake,draft,,
docs/canon/intake/_md/WAVE 55 L — Selective Compression Canon (Lost World Variant).md,WAVE 55 L — Selective Compression Canon (Lost World Variant).md,docs/canon/intake/_md,.md,549,47,cc3b3dfbf9bf2a078a7f23bddbe016a1,no,yes,canon-intake,draft,,
docs/canon/intake/_md/WAVE 55 — AUTHORITY KILL-SWITCH Global Weak Prose Suppression Engine.md,WAVE 55 — AUTHORITY KILL-SWITCH Global Weak Prose Suppression Engine.md,docs/canon/intake/_md,.md,1481,580,525149ddfd7da310f192c265b2e7decb,yes,yes,canon-intake,draft,,
docs/canon/intake/_md/Wave System Execution System (HOW to revise).md,Wave System Execution System (HOW to revise).md,docs/canon/intake/_md,.md,105,32,25994805a81acd08315f238cda91d849,no,yes,canon-intake,draft,,
docs/canon/intake/_md/What the Canon Says About Scoring an Evaluation.md,What the Canon Says About Scoring an Evaluation.md,docs/canon/intake/_md,.md,67267,13235,ade9fac87b2f6b7e95cc081576e5257b,yes,yes,canon-intake,draft,,
docs/canon/intake/_md/Wiring path to turn WAVE modules from notes-only into real revision producers.md,Wiring path to turn WAVE modules from notes-only into real revision producers.md,docs/canon/intake/_md,.md,1056,428,ad013ac5695685d648c0ae248530da40,no,yes,canon-intake,draft,,
docs/canon/intake/_md/diff-intelligence.ts.md,diff-intelligence.ts.md,docs/canon/intake/_md,.md,283,203,95ef570b44ad5fea5ae1cbfd681dd9a5,no,yes,canon-intake,draft,,
docs/canon/intake/_md/docs-canon-GENRE_INTENT_EVALUATION_CANON.md.md,docs-canon-GENRE_INTENT_EVALUATION_CANON.md.md,docs/canon/intake/_md,.md,781,347,2041086079567518904a7529ea48332d,no,yes,canon-intake,draft,,
docs/canon/intake/_md/real wave-execution-layer.ts skeleton replaces stub maps Pass 3 findings → WAVE targets → waves to run.md,real wave-execution-layer.ts skeleton replaces stub maps Pass 3 findings → WAVE targets → waves to run.md,docs/canon/intake/_md,.md,1126,415,4f71c61c54978fc6ae1056df34a8e576,yes,yes,canon-intake,draft,,
docs/canon/intake/_md/revision-orchestrator.ts.md,revision-orchestrator.ts.md,docs/canon/intake/_md,.md,43,25,1201fa54dbde8be24ec99b2a2da0ce26,no,yes,canon-intake,draft,,
docs/canon/intake/_md/wave-01-premise.ts first 10 real wave modules.md,wave-01-premise.ts first 10 real wave modules.md,docs/canon/intake/_md,.md,1156,457,9ba5b9863f436a635bf927b8aef2d9e3,yes,yes,canon-intake,draft,,
docs/canon/intake/_md/wave-01-premise.ts real text changing module.md,wave-01-premise.ts real text changing module.md,docs/canon/intake/_md,.md,1334,537,e4d3bd6704bfa7864d93bee4c659c826,no,yes,canon-intake,draft,,
docs/canon/intake/_md/wave-13-dialogue-authenticity.ts executable for dialogue.md,wave-13-dialogue-authenticity.ts executable for dialogue.md,docs/canon/intake/_md,.md,890,346,43de2bd696637a457f8c6664b8e91791,no,yes,canon-intake,draft,,
docs/canon/intake/_md/wave-conflicts.ts.md,wave-conflicts.ts.md,docs/canon/intake/_md,.md,109,77,3454e42c310a9c049fce521e219ff0eb,no,yes,canon-intake,draft,,
docs/canon/intake/_md/wave-executor.ts.md,wave-executor.ts.md,docs/canon/intake/_md,.md,576,279,878c02ae9e68f00d084a7718bd25fcdc,no,yes,canon-intake,draft,,
docs/canon/intake/_md/wave-mapping-registry.ts.md,wave-mapping-registry.ts.md,docs/canon/intake/_md,.md,1064,371,9d657cd9def9e533f77ebd81a4486d67,no,yes,canon-intake,draft,,
docs/canon/intake/_md/wave-modules_wave-20-pov-purity.ts.md,wave-modules_wave-20-pov-purity.ts.md,docs/canon/intake/_md,.md,371,129,75715ca20b9bcd9c6b07558298e9a984,no,yes,canon-intake,draft,,
docs/canon/intake/_md/wave-planner.ts.md,wave-planner.ts.md,docs/canon/intake/_md,.md,315,207,87a39c2a10f0ba93d1cb161e658317d1,no,yes,canon-intake,draft,,
docs/canon/intake/_md/wave-registry.ts.md,wave-registry.ts.md,docs/canon/intake/_md,.md,318,291,2716329df38d07d7b42c367cfd068041,yes,yes,canon-intake,draft,,
docs/canon/registered/control/AUTHORITY.md,AUTHORITY.md,docs/canon/registered/control,.md,471,98,8468832025ea3c1bd1d0e45489e604cc,yes,yes,canon-control,secondary,AUTHORITY.md,
docs/canon/registered/control/BENCHMARK-CHARTER.md,BENCHMARK-CHARTER.md,docs/canon/registered/control,.md,511,100,5f6ef565f14c52a25989c0edbd085582,no,yes,canon-control,secondary,,
docs/canon/registered/control/CPDR-001-CANON-ENFORCEMENT-PLACEMENT.md,CPDR-001-CANON-ENFORCEMENT-PLACEMENT.md,docs/canon/registered/control,.md,630,129,3b55b986e9a6f3414e6ac36860f38847,yes,yes,canon-control,secondary,,
docs/canon/registered/control/LOST-WORLD-LESSONS-DOCTRINE-ADDENDUM.md,LOST-WORLD-LESSONS-DOCTRINE-ADDENDUM.md,docs/canon/registered/control,.md,609,123,4edb52c732b50f955f35c46481d20f3f,no,yes,canon-control,secondary,,
docs/canon/registered/control/REVISIONGRADE-CANON-ASSEMBLY-MATRIX.md,REVISIONGRADE-CANON-ASSEMBLY-MATRIX.md,docs/canon/registered/control,.md,2508,588,ab0c8c34c198bac04d066474bb6aacb8,yes,yes,canon-control,secondary,,
docs/canon/registered/control/REVISIONGRADE-CANON-DOCTRINE-REGISTRY.md,REVISIONGRADE-CANON-DOCTRINE-REGISTRY.md,docs/canon/registered/control,.md,2020,225,d10612fdb20e475f9c188a0962ae414b,yes,yes,canon-control,secondary,,
docs/canon/registered/control/VOLUME-II-A-OPERATIONAL-SCHEMA.md,VOLUME-II-A-OPERATIONAL-SCHEMA.md,docs/canon/registered/control,.md,1213,227,6a98b7753fff467ae7b79232cf4f24ad,yes,yes,canon-control,secondary,,
docs/canon/registered/control/VOLUMES-I-V-DEFINITIONS-CONTENT-REGISTRY-VIEW.md,VOLUMES-I-V-DEFINITIONS-CONTENT-REGISTRY-VIEW.md,docs/canon/registered/control,.md,833,221,172fd5d53dec2ab29af78e93f216039e,no,yes,canon-control,secondary,,
docs/canon/registered/control/WAVE-SYSTEM-EXECUTION-LAYER-MAP.md,WAVE-SYSTEM-EXECUTION-LAYER-MAP.md,docs/canon/registered/control,.md,229,61,3bcd629be16afc11ec390110c6cf7a6e,no,yes,canon-control,secondary,,
docs/canon/registered/control/criterion-observability-model.md,criterion-observability-model.md,docs/canon/registered/control,.md,408,133,052e7d19ebb60b8a947581e8cc74d225,no,yes,canon-control,secondary,,
docs/canon/registered/volumes/CANON-III-LESSONS-OF-THE-LIVING-SYSTEM.md,CANON-III-LESSONS-OF-THE-LIVING-SYSTEM.md,docs/canon/registered/volumes,.md,572,197,3eb796b0854df222d02206b5d2245f7a,no,no,canon-volumes,secondary,,
docs/canon/registered/volumes/REVISIONGRADE-EVALUATION-RUNTIME-GOVERNANCE.md,REVISIONGRADE-EVALUATION-RUNTIME-GOVERNANCE.md,docs/canon/registered/volumes,.md,4,1,24964fc88f0ccd55526ba4184dd56434,no,yes,canon-volumes,secondary,,
docs/canon/registered/volumes/RITUAL-EDITOR-1.md,RITUAL-EDITOR-1.md,docs/canon/registered/volumes,.md,807,117,d0f17bb6df4e183d849c0fdc566375c0,yes,yes,canon-volumes,secondary,,
docs/canon/registered/volumes/VOLUME-I-II-MERGED-ADDENDUMS-PROSE-ENFORCEMENT.md,VOLUME-I-II-MERGED-ADDENDUMS-PROSE-ENFORCEMENT.md,docs/canon/registered/volumes,.md,379,91,207c42635ae4ead91338e2dc90a3d8f3,no,no,canon-volumes,secondary,,
docs/canon/registered/volumes/VOLUME-I-WAVE-REVISION-GUIDE-CANON.md,VOLUME-I-WAVE-REVISION-GUIDE-CANON.md,docs/canon/registered/volumes,.md,17518,5536,0ae2e988db399f5034ca7340c0cfc587,yes,yes,canon-volumes,secondary,,
docs/canon/registered/volumes/VOLUME-II-A-PR-PROMPT-RUNTIME-BINDING-SPEC.md,VOLUME-II-A-PR-PROMPT-RUNTIME-BINDING-SPEC.md,docs/canon/registered/volumes,.md,8,1,8adec8b5818a6f344993543a45460875,no,yes,canon-volumes,secondary,,
docs/canon/registered/volumes/VOLUME-II-STORY-EVALUATION-CRITERIA.md,VOLUME-II-STORY-EVALUATION-CRITERIA.md,docs/canon/registered/volumes,.md,7038,2442,2b293e40fb64296fdc5e95bda71c1fe6,yes,yes,canon-volumes,secondary,,
docs/canon/registered/volumes/VOLUME-III-EVALUATION-PIPELINE-ARCHITECTURE.md,VOLUME-III-EVALUATION-PIPELINE-ARCHITECTURE.md,docs/canon/registered/volumes,.md,605,149,10a1cd6e21d7e538476309703fe093b4,no,yes,canon-volumes,secondary,,
docs/canon/registered/volumes/VOLUME-III-EVALUATION-PIPELINE-PASS-SYSTEM.md,VOLUME-III-EVALUATION-PIPELINE-PASS-SYSTEM.md,docs/canon/registered/volumes,.md,6,1,f0db47b6c0f5d436429efa55240d9192,no,no,canon-volumes,secondary,,
docs/canon/registered/volumes/VOLUME-III-FINAL-PIPELINE-DIAGRAM-STATE-MODEL.md,VOLUME-III-FINAL-PIPELINE-DIAGRAM-STATE-MODEL.md,docs/canon/registered/volumes,.md,7,1,d809b22184133d0d2bf77de567b41ffa,no,no,canon-volumes,secondary,,
docs/canon/registered/volumes/VOLUME-III-PIPELINE-API-JSON-SCHEMA.md,VOLUME-III-PIPELINE-API-JSON-SCHEMA.md,docs/canon/registered/volumes,.md,50,9,2961582ee1afce16e67f9c3d4eb078a4,no,yes,canon-volumes,secondary,,
docs/canon/registered/volumes/VOLUME-III-PLATFORM-GOVERNANCE-CANON.md,VOLUME-III-PLATFORM-GOVERNANCE-CANON.md,docs/canon/registered/volumes,.md,9037,2805,d7501c947d1c4368425b7e482d21e811,yes,yes,canon-volumes,secondary,,
docs/canon/registered/volumes/VOLUME-IV-AI-GOVERNANCE-CANON.md,VOLUME-IV-AI-GOVERNANCE-CANON.md,docs/canon/registered/volumes,.md,5032,1326,f34c736f073fee03b23c5a303ddc8f39,no,yes,canon-volumes,secondary,,
docs/canon/registered/volumes/VOLUME-V-EXECUTION-ARCHITECTURE.md,VOLUME-V-EXECUTION-ARCHITECTURE.md,docs/canon/registered/volumes,.md,4623,1115,6b0f151f3692ae75f175f473d5a91812,yes,yes,canon-volumes,secondary,,
docs/canon/registered/volumes/VOLUME-VI-GOVERNANCE-FRONTEND-VISIBILITY.md,VOLUME-VI-GOVERNANCE-FRONTEND-VISIBILITY.md,docs/canon/registered/volumes,.md,524,98,9cf456c5c5414bb6275337f4aaa97238,no,yes,canon-volumes,secondary,,
docs/canon/registered/volumes/WAVE-31-LW.md,WAVE-31-LW.md,docs/canon/registered/volumes,.md,447,70,9a7d701aebd37a867cac74a9f382dcc2,no,yes,canon-volumes,secondary,,
docs/canon/registered/volumes/WAVE-55-L.md,WAVE-55-L.md,docs/canon/registered/volumes,.md,612,76,f32f27f136d7b21814fd154fcbd940d0,yes,yes,canon-volumes,secondary,,
docs/ci/node20-runtime-audit-198.md,node20-runtime-audit-198.md,docs/ci,.md,309,67,2c27a4ebc8a7167554b37f898d3f9df2,yes,yes,audit,draft,,
docs/decisions/2026-05-03_structural-coherence-scope-boundary.md,2026-05-03_structural-coherence-scope-boundary.md,docs/decisions,.md,361,54,51fc4cccdb87c0b096f5b717831e96c1,no,yes,docs-general,historical,,
docs/dialogue-speech-pov-canon-enforcement.md,dialogue-speech-pov-canon-enforcement.md,docs,.md,391,104,a2e28be1709e09d41a71f282cd6ce5f2,no,yes,docs-general,historical,,
docs/doctrine/OPERATING_RULES.md,OPERATING_RULES.md,docs/doctrine,.md,180,40,cab14a62c9a4e51b4102c346c81f62b5,no,yes,docs-general,historical,,
docs/doctrine/VOLUME_II_A_PR.md,VOLUME_II_A_PR.md,docs/doctrine,.md,1574,287,96d5836279858874e1f9c11ee8dfbcfc,no,yes,docs-general,historical,,
docs/env-contract.md,env-contract.md,docs,.md,572,69,14f27dab682b9fd262956746be1e5515,yes,yes,docs-general,historical,,
docs/errors/failure-codes.md,failure-codes.md,docs/errors,.md,147,31,b2d1a6857fa4d10d64ba5260f4b5e287,yes,no,docs-general,historical,,
docs/governance/BRANCH_PROTECTION_CHECKLIST.md,BRANCH_PROTECTION_CHECKLIST.md,docs/governance,.md,589,142,7077e001a7b85aede6e102695cae6de2,no,yes,docs-general,historical,,
docs/governance/CRITERIA_KEYS.md,CRITERIA_KEYS.md,docs/governance,.md,131,20,3ae633ee2fb86d2f751ffc24a492b56c,yes,no,docs-general,historical,,
docs/governance/STAGE2_CLOSURE.md,STAGE2_CLOSURE.md,docs/governance,.md,518,130,3b39d67803454dd50448c25d38b7fd1a,no,yes,docs-general,historical,,
docs/governance/STATUS_ENFORCEMENT_18_5_PLAN.md,STATUS_ENFORCEMENT_18_5_PLAN.md,docs/governance,.md,575,172,8d31e21ebf3311dcf4cb32f1d5d21ce7,yes,yes,planning,draft,,
docs/governance/U1_1_CONFIDENCE_WIRING_PLAN.md,U1_1_CONFIDENCE_WIRING_PLAN.md,docs/governance,.md,1512,286,86bf074ff474c71ffdf5cadbe534d4d1,yes,yes,planning,draft,,
docs/governance/U1_1_PR_BODY_TEMPLATE.md,U1_1_PR_BODY_TEMPLATE.md,docs/governance,.md,583,158,6993223274840f6ce22433588ecc5a04,no,no,docs-general,historical,,
docs/governance/llr-003-v2/01_LLR003_V2_SPEC.md,01_LLR003_V2_SPEC.md,docs/governance/llr-003-v2,.md,251,55,c5035f7137b941c9c29bb3c6f7d032ca,no,no,docs-general,historical,,
docs/jobs-endpoint-delivery.md,jobs-endpoint-delivery.md,docs,.md,720,184,1afd8dda8dbf01fe7b48470641e53ada,no,no,docs-general,historical,,
docs/jobs/CONTRACT.md,CONTRACT.md,docs/jobs,.md,796,199,3d14b5a123ad59951a5aae5167f6c374,no,no,docs-general,historical,,
docs/jobs/PRODUCTION_READINESS.md,PRODUCTION_READINESS.md,docs/jobs,.md,1805,559,7c461bd68f37e956a5929a01d5b383a1,no,yes,docs-general,historical,,
docs/jobs/UI_CONTRACT.md,UI_CONTRACT.md,docs/jobs,.md,796,198,4abc7acdefa7a42d1c971c073872c0cb,no,no,docs-general,historical,,
docs/jobs/UI_CONTRACT_COMPLIANCE.md,UI_CONTRACT_COMPLIANCE.md,docs/jobs,.md,638,150,f72ff67c3f93fe14fbe7ca3ce432382e,no,no,docs-general,historical,,
docs/operations/EMERGENCY_HOTFIX_POLICY.md,EMERGENCY_HOTFIX_POLICY.md,docs/operations,.md,269,49,37d07dba6ea36fe764dbc654c14ae8ab,no,no,docs-general,historical,,
docs/operations/OPERATIONS_HARDENING_RUNBOOK.md,OPERATIONS_HARDENING_RUNBOOK.md,docs/operations,.md,1512,370,9bf43e3c68df8a07b0d8c5af25e5a062,no,yes,runbook,runbook,,
docs/operations/OPERATIONS_HARDENING_SPEC.md,OPERATIONS_HARDENING_SPEC.md,docs/operations,.md,642,248,f521abac55e92e47596292a51a1a583d,no,yes,docs-general,historical,,
docs/operations/PACK_F_EXECUTION_CONTRACT.md,PACK_F_EXECUTION_CONTRACT.md,docs/operations,.md,572,197,43834753d7e6222529d0e1c158ed34f7,no,no,docs-general,historical,,
docs/operations/PHASE1_PR_REVIEW_RUBRIC.md,PHASE1_PR_REVIEW_RUBRIC.md,docs/operations,.md,669,181,5cb42b7b67714cae7af9c32b31308a2f,no,yes,docs-general,historical,,
docs/operations/PR_AUTHOR_SELF_CHECK.md,PR_AUTHOR_SELF_CHECK.md,docs/operations,.md,227,42,a1b6917e907b8b9f547a7fc739ee3f51,no,no,docs-general,historical,,
docs/operations/PR_COMPACT_GATES.md,PR_COMPACT_GATES.md,docs/operations,.md,161,33,22b002b1ab5ff48de83a1cb83e95b6f4,no,no,docs-general,historical,,
docs/operations/PR_REVIEWER_GATES.md,PR_REVIEWER_GATES.md,docs/operations,.md,396,90,2b8e20d8c968322af436c1aacb890c77,no,no,docs-general,historical,,
docs/operations/SOAK_CHAOS_HARNESS_SPEC.md,SOAK_CHAOS_HARNESS_SPEC.md,docs/operations,.md,343,168,75c6bbe03fe631d6795c0f9030cbd382,no,no,docs-general,historical,,
docs/operations/audits/2026-04-16_pass3_reducer_closeout.md,2026-04-16_pass3_reducer_closeout.md,docs/operations/audits,.md,451,111,77c514cf27049e8b03df8233359e1f06,no,yes,audit,draft,,
docs/operations/audits/2026-04-16_phase3_governed_pipeline_cutover.md,2026-04-16_phase3_governed_pipeline_cutover.md,docs/operations/audits,.md,548,192,0cd34a41daacace980d7e5653d5c8ec5,no,yes,audit,draft,,
docs/operations/audits/2026-04-23_eval2-e2e-production-closure.md,2026-04-23_eval2-e2e-production-closure.md,docs/operations/audits,.md,519,96,c16a07b903e949aebed98a41ccbaefe3,yes,yes,audit,draft,,
docs/operations/evidence/RUN_TEMPLATE.md,RUN_TEMPLATE.md,docs/operations/evidence,.md,42,34,e17ca49187774f52148b502330bc0ad6,no,no,evidence,evidence,,
docs/operations/evidence/SUMMARY.md,SUMMARY.md,docs/operations/evidence,.md,372,50,3a3d564b0a580ab38fa1d0fc2f72baed,no,no,evidence,evidence,,
docs/operations/evidence/runs/2026-03-19_2.1_packA_parity_run1/summary.md,summary.md,docs/operations/evidence/runs/2026-03-19_2.1_packA_parity_run1,.md,104,26,14bc7a82e835d0439dcf20d3d40e196c,no,no,evidence,evidence,summary.md,
docs/operations/evidence/runs/2026-03-19_2.2_packC_golden_run1/summary.md,summary.md,docs/operations/evidence/runs/2026-03-19_2.2_packC_golden_run1,.md,96,30,dae16f0e74889f6a4288283f9f5303e1,no,no,evidence,evidence,summary.md,
docs/operations/evidence/runs/2026-03-19_2.3_packD_reliability_run1/packD_apply_reliability_report.md,packD_apply_reliability_report.md,docs/operations/evidence/runs/2026-03-19_2.3_packD_reliability_run1,.md,34,18,2558f391e05c71e864050b13d3f75a98,no,no,evidence,evidence,,
docs/operations/evidence/runs/2026-03-19_2.3_packD_reliability_run1/summary.md,summary.md,docs/operations/evidence/runs/2026-03-19_2.3_packD_reliability_run1,.md,93,33,febfc9fdbd8f87f4d703fc00f3e1a787,no,no,evidence,evidence,summary.md,
docs/operations/evidence/runs/2026-03-19_2.5_stage_validation_gate_run/pack25_stage_validation_report.md,pack25_stage_validation_report.md,docs/operations/evidence/runs/2026-03-19_2.5_stage_validation_gate_run,.md,113,38,3ba2c30eb9ee5034d600240ad96f5f91,no,no,evidence,evidence,pack25_stage_validation_report.md,
docs/operations/evidence/runs/2026-03-19_2.5_stage_validation_matrix_run2/pack25_stage_validation_report.md,pack25_stage_validation_report.md,docs/operations/evidence/runs/2026-03-19_2.5_stage_validation_matrix_run2,.md,88,35,c10c3a11d4a71b5afc0c0f71c76db3dc,no,no,evidence,evidence,pack25_stage_validation_report.md,
docs/operations/evidence/runs/2026-03-19_2.5_stage_validation_run1/pack25_stage_validation_report.md,pack25_stage_validation_report.md,docs/operations/evidence/runs/2026-03-19_2.5_stage_validation_run1,.md,38,21,7be76a08a292a6fe341594080a2901ab,no,no,evidence,evidence,pack25_stage_validation_report.md,
docs/operations/evidence/runs/2026-03-19_2.6_a6_report_run1/a6_report.md,a6_report.md,docs/operations/evidence/runs/2026-03-19_2.6_a6_report_run1,.md,209,113,e752cb0a263e635e321eaf3613cd938e,no,no,evidence,evidence,,
docs/operations/evidence/runs/2026-03-19_packF_debug_1k/summary.md,summary.md,docs/operations/evidence/runs/2026-03-19_packF_debug_1k,.md,89,37,a3c6b7e2844b4f0128b13b3257a89e58,no,no,evidence,evidence,summary.md,
docs/operations/evidence/runs/2026-03-19_packF_qualification_100k/summary.md,summary.md,docs/operations/evidence/runs/2026-03-19_packF_qualification_100k,.md,89,37,8764b0945aa700f83987804791017068,no,no,evidence,evidence,summary.md,
docs/operations/evidence/runs/2026-03-19_packF_stability_10k/summary.md,summary.md,docs/operations/evidence/runs/2026-03-19_packF_stability_10k,.md,89,37,c50ff1090c4c8a06fd451464f21ff980,no,no,evidence,evidence,summary.md,
docs/operations/evidence/runs/2026-03-20T05-43-20-085Z_phase2.7_real_run_01/PHASE_2_7_REAL_RUN_01.md,PHASE_2_7_REAL_RUN_01.md,docs/operations/evidence/runs/2026-03-20T05-43-20-085Z_phase2.7_real_run_01,.md,238,48,6e8307ab16ab785590d415fa782da1ca,no,yes,evidence,evidence,PHASE_2_7_REAL_RUN_01.md,
docs/operations/evidence/runs/2026-03-20_engine_hardening_pass1/notes.md,notes.md,docs/operations/evidence/runs/2026-03-20_engine_hardening_pass1,.md,18,3,4af83a96e0cdcbea3d65e6f4ee632139,no,no,evidence,evidence,,
docs/operations/evidence/runs/2026-04-14_ch11b_final_v7_live/PHASE_2_7_REAL_RUN_01.md,PHASE_2_7_REAL_RUN_01.md,docs/operations/evidence/runs/2026-04-14_ch11b_final_v7_live,.md,191,39,a445d5a33d15766d94089692383f9cb4,no,yes,evidence,evidence,PHASE_2_7_REAL_RUN_01.md,
docs/operations/evidence/runs/2026-04-14_ch11b_final_v7_live_final/PHASE_2_7_REAL_RUN_01.md,PHASE_2_7_REAL_RUN_01.md,docs/operations/evidence/runs/2026-04-14_ch11b_final_v7_live_final,.md,195,42,2e42fe20cea9ce072a24f20ec50060f1,no,yes,evidence,evidence,PHASE_2_7_REAL_RUN_01.md,
docs/operations/evidence/runs/2026-04-14_ch11b_final_v7_live_replay_4000/PHASE_2_7_REAL_RUN_01.md,PHASE_2_7_REAL_RUN_01.md,docs/operations/evidence/runs/2026-04-14_ch11b_final_v7_live_replay_4000,.md,191,39,4a9086ff111387226b0b563b5d1cd36a,no,yes,evidence,evidence,PHASE_2_7_REAL_RUN_01.md,
docs/operations/evidence/runs/2026-04-14_ch11b_final_v7_live_replay_4000e/PHASE_2_7_REAL_RUN_01.md,PHASE_2_7_REAL_RUN_01.md,docs/operations/evidence/runs/2026-04-14_ch11b_final_v7_live_replay_4000e,.md,206,51,1cccc539ebc7fad12c5858a1e0c9c12f,no,yes,evidence,evidence,PHASE_2_7_REAL_RUN_01.md,
docs/operations/evidence/runs/2026-04-14_ch11b_final_v7_live_replay_postfix/PHASE_2_7_REAL_RUN_01.md,PHASE_2_7_REAL_RUN_01.md,docs/operations/evidence/runs/2026-04-14_ch11b_final_v7_live_replay_postfix,.md,190,39,6fef697cce7fe92fade5a5f2d6e2a998,no,yes,evidence,evidence,PHASE_2_7_REAL_RUN_01.md,
docs/operations/evidence/runs/2026-04-14_ch11b_final_v7_live_replay_postfix_t180/PHASE_2_7_REAL_RUN_01.md,PHASE_2_7_REAL_RUN_01.md,docs/operations/evidence/runs/2026-04-14_ch11b_final_v7_live_replay_postfix_t180,.md,203,50,75894f1cf6933fb09829db1aeaa7f965,no,yes,evidence,evidence,PHASE_2_7_REAL_RUN_01.md,
docs/operations/evidence/runs/2026-04-14_ch11b_final_v7_live_replay_postfix_t180b/PHASE_2_7_REAL_RUN_01.md,PHASE_2_7_REAL_RUN_01.md,docs/operations/evidence/runs/2026-04-14_ch11b_final_v7_live_replay_postfix_t180b,.md,200,49,c95e1ac8c465e1129dfe1733d5597cbf,no,yes,evidence,evidence,PHASE_2_7_REAL_RUN_01.md,
docs/operations/evidence/runs/2026-04-14_ch11b_final_v7_live_retry1/PHASE_2_7_REAL_RUN_01.md,PHASE_2_7_REAL_RUN_01.md,docs/operations/evidence/runs/2026-04-14_ch11b_final_v7_live_retry1,.md,195,42,313ae89e36c614fc066a413a6c31ca5c,no,yes,evidence,evidence,PHASE_2_7_REAL_RUN_01.md,
docs/operations/evidence/runs/2026-04-15_post129-post132_real_run_01/PHASE_2_7_REAL_RUN_01.md,PHASE_2_7_REAL_RUN_01.md,docs/operations/evidence/runs/2026-04-15_post129-post132_real_run_01,.md,196,39,04369016e64d020a5f9fff174c19c2c4,no,yes,evidence,evidence,PHASE_2_7_REAL_RUN_01.md,04369016e64d020a5f9fff174c19c2c4
docs/operations/evidence/runs/2026-04-26T21-30-17-618Z/summary.md,summary.md,docs/operations/evidence/runs/2026-04-26T21-30-17-618Z,.md,87,37,5256edfb4f6f3c74b9e0ef33dba58c99,no,no,evidence,evidence,summary.md,
docs/operations/evidence/runs/2026-04-26T21-32-48-713Z/summary.md,summary.md,docs/operations/evidence/runs/2026-04-26T21-32-48-713Z,.md,87,37,d179db0c1dad60118fe8082f27111d6d,no,no,evidence,evidence,summary.md,
docs/operations/evidence/runs/2026-05-03_README.md,2026-05-03_README.md,docs/operations/evidence/runs,.md,292,51,d308e1b3e1c21652c4666a1745a3bb9b,no,yes,evidence,evidence,,
docs/operations/evidence/runs/2026-05-03_canary_broken_main/PHASE_2_7_REAL_RUN_01.md,PHASE_2_7_REAL_RUN_01.md,docs/operations/evidence/runs/2026-05-03_canary_broken_main,.md,192,49,7c850c47ced0b896c11475244e9d6f84,no,yes,evidence,evidence,PHASE_2_7_REAL_RUN_01.md,
docs/operations/evidence/runs/2026-05-03_canary_weak_main/PHASE_2_7_REAL_RUN_01.md,PHASE_2_7_REAL_RUN_01.md,docs/operations/evidence/runs/2026-05-03_canary_weak_main,.md,193,50,e964060a6c7371a54191360c5a12e78a,no,yes,evidence,evidence,PHASE_2_7_REAL_RUN_01.md,
docs/operations/evidence/runs/2026-05-03_froggin-noggin_canary_main/PHASE_2_7_REAL_RUN_01.md,PHASE_2_7_REAL_RUN_01.md,docs/operations/evidence/runs/2026-05-03_froggin-noggin_canary_main,.md,197,49,9e249e0bc2c390b83194d8d8c2e16c24,no,yes,evidence,evidence,PHASE_2_7_REAL_RUN_01.md,
docs/operations/evidence/runs/2026-05-04_85k_rerun_after_288/PHASE_2_7_REAL_RUN_01.md,PHASE_2_7_REAL_RUN_01.md,docs/operations/evidence/runs/2026-05-04_85k_rerun_after_288,.md,191,50,d9cdcd747f7a356ce224c151cbf80458,no,yes,evidence,evidence,PHASE_2_7_REAL_RUN_01.md,
docs/operations/runbooks/SUPABASE_AUDIT_RECONCILIATION_PLAN_2026-04-01.md,SUPABASE_AUDIT_RECONCILIATION_PLAN_2026-04-01.md,docs/operations/runbooks,.md,2512,641,1af17eb2b448879671c709ece17660fa,yes,yes,runbook,runbook,,
docs/pr/287-pass3-telemetry-persistence.md,287-pass3-telemetry-persistence.md,docs/pr,.md,636,146,9ab1562de3437cd61897c0471a2103d2,no,yes,planning,draft,,
docs/pr/u1.1-confidence-wiring.md,u1.1-confidence-wiring.md,docs/pr,.md,218,35,6b07d71be0164e0aa220c31c82a0b6f1,no,no,planning,draft,,
docs/prs/a4-claim-job-atomic.md,a4-claim-job-atomic.md,docs/prs,.md,231,32,25147c52be19ab182d658e0d155d224c,yes,yes,planning,draft,,
docs/prs/block-b-atomicity-boundary-switch-pr-body.md,block-b-atomicity-boundary-switch-pr-body.md,docs/prs,.md,463,169,4654cd901638ae81b4511e9ce00a2d05,no,yes,planning,draft,,
docs/prs/block-b-atomicity-migration-pr-body.md,block-b-atomicity-migration-pr-body.md,docs/prs,.md,295,105,4bbfa422e285d7f02449846cd8195b69,no,yes,planning,draft,,
docs/prs/canonical-vocabulary.md,canonical-vocabulary.md,docs/prs,.md,671,174,3c0139559f1a8126128e2849f90a5349,no,yes,planning,draft,,
docs/prs/persist-evaluation-v2-atomic-ambiguity-hotfix-pr-body.md,persist-evaluation-v2-atomic-ambiguity-hotfix-pr-body.md,docs/prs,.md,546,129,cc300709052c859b0fd6a4f85acbe195,no,yes,planning,draft,,
docs/qc-gate2-evidence.md,qc-gate2-evidence.md,docs,.md,336,90,46c240a01ed3b5bdbfef767f0a968867,no,no,docs-general,historical,,
docs/rationale/LESSONS_LEARNED_PHASE_2_7.md,LESSONS_LEARNED_PHASE_2_7.md,docs/rationale,.md,787,202,0dd74e8d4fa0dd8221d6723a92782335,no,yes,docs-general,historical,,
docs/release/PHASE_D2_AGENT_TRUST_OUTPUTS.md,PHASE_D2_AGENT_TRUST_OUTPUTS.md,docs/release,.md,743,174,1ee43cd91cf353e6e418b943d76e176c,no,no,docs-general,historical,,
docs/release/PHASE_D_RELEASE_CERTIFICATE_v1.0.1.md,PHASE_D_RELEASE_CERTIFICATE_v1.0.1.md,docs/release,.md,757,213,477ce25d31f4d359af1419fa69853214,yes,no,docs-general,historical,,
docs/release/PHASE_D_RELEASE_GATES_v1.md,PHASE_D_RELEASE_GATES_v1.md,docs/release,.md,1278,328,2e14588d610ee250510412d519ad2f67,yes,no,docs-general,historical,,
docs/release/PHASE_D_RELEASE_READINESS.md,PHASE_D_RELEASE_READINESS.md,docs/release,.md,873,173,64cfa4d68b9b542cf16c11d00d544dd4,yes,no,docs-general,historical,,
docs/release/RRS_CALCULATOR_v1.md,RRS_CALCULATOR_v1.md,docs/release,.md,868,239,070b99838fd0806695bf237c68b716bc,no,no,docs-general,historical,,
docs/roadmap/README.md,README.md,docs/roadmap,.md,120,21,2d8a9b37f8e3d07488edbac6c326e9d9,yes,yes,planning,draft,README.md,
docs/sprints/S0_engine_hardening_issue_import.md,S0_engine_hardening_issue_import.md,docs/sprints,.md,264,70,3ea4d26b64c6bb1e9c5047da28771fa8,no,yes,docs-general,historical,,
evidence/phase-d/d2/agent-view-fixtures/fixture_set_v1/README.md,README.md,evidence/phase-d/d2/agent-view-fixtures/fixture_set_v1,.md,393,86,712d597e3b3a7cf930ebd938039f267d,no,no,root-or-other,historical,README.md,
logs/u2-live-proof/RUN_NOTES.md,RUN_NOTES.md,logs/u2-live-proof,.md,156,22,48394f405189ee5847ea7e90b585257f,yes,no,root-or-other,historical,,
ops/PHASE_E1_SMOKE_CHECKS.md,PHASE_E1_SMOKE_CHECKS.md,ops,.md,163,54,c6983a7b5d68a22ce63757a9fa51d2ae,no,no,root-or-other,historical,,
ops/PHASE_E1_SMOKE_CHECK_CARD.md,PHASE_E1_SMOKE_CHECK_CARD.md,ops,.md,1143,266,8039ce8dbc1e0c3aa6b394531fda56ce,no,no,root-or-other,historical,,
ops/PHASE_E_DAY1_LOG.md,PHASE_E_DAY1_LOG.md,ops,.md,794,151,509bac55998f0a9998e876eb00664dde,no,yes,root-or-other,historical,,
ops/PHASE_E_STATUS.md,PHASE_E_STATUS.md,ops,.md,747,149,40213068f3566c16f6ddcb4cb5971029,no,no,root-or-other,historical,,
prompts/pass-1-structural-diagnostic.md,pass-1-structural-diagnostic.md,prompts,.md,422,128,63926ba97aa05bb21e3a191b59dcf5e6,no,yes,root-or-other,historical,,
runs/pass1-calibration-001/PHASE_2_7_REAL_RUN_01.md,PHASE_2_7_REAL_RUN_01.md,runs/pass1-calibration-001,.md,557,137,090fedad4cf991be2a201a2bcbcf4fc5,no,yes,root-or-other,historical,PHASE_2_7_REAL_RUN_01.md,
runs/pass1-calibration-001/pass1_output.md,pass1_output.md,runs/pass1-calibration-001,.md,3190,190,849d321a3e5e667d4c83548b760f01dc,no,yes,root-or-other,historical,,
runs/pass1-calibration-001/scorecard.md,scorecard.md,runs/pass1-calibration-001,.md,1325,144,59757b2301f622324f32faff67045d3a,no,yes,root-or-other,historical,,59757b2301f622324f32faff67045d3a
scripts/README.md,README.md,scripts,.md,905,227,874213980d5d3f546660da3874a91860,no,no,root-or-other,historical,README.md,
scripts/apply-remote-migration.md,apply-remote-migration.md,scripts,.md,285,72,2816a6d7626ff19413dcdc54c5166e23,no,no,root-or-other,historical,,
scripts/load-canon.README.md,load-canon.README.md,scripts,.md,94,36,c1f8d06d8c1f7874b44f42c43045daa3,yes,no,root-or-other,historical,,
tests/anchors/PHASE21_DB_VERIFICATION_RUNBOOK.md,PHASE21_DB_VERIFICATION_RUNBOOK.md,tests/anchors,.md,591,171,0634bea87f2ddca72cd50a97c59d5134,no,no,runbook,runbook,,
tests/fixtures/gate-replay/README.md,README.md,tests/fixtures/gate-replay,.md,68,15,95231438aaa0baa33a10a9bf4fa34043,no,no,root-or-other,historical,README.md,
tests/fixtures/sipoc/README.md,README.md,tests/fixtures/sipoc,.md,152,56,c4b1d8b316d38be5f6ea409bcd912e71,no,yes,root-or-other,historical,README.md,
