sequence,phase,stageId,processName,activeState,supplier,inputArtifacts,inputRequiredFields,inputMetrics,codeSurfaces,processContract,outputArtifacts,outputRequiredFields,outputMetrics,forwardKick,backwardKick,dirtyDataRules,retryBudget,failureCodes,consumers,uiExposed,reviseHandoff,certificationStatus,fitGapStatus,notes
10,Phase 0,ADJACENT_PHASE_0,Phase 0 Authority Binding,active,phase0_calibration_baseline_v1 plus manuscript metadata,phase0_calibration_baseline_v1,baseline_version; baseline_checksum; manuscript_word_count,baseline checksum verified; route selected; no live PR mining,lib/evaluation/phase-architecture-v2/phase0AuthorityProof.ts,Bind the job to certified authority and select route/scope without LLM calls.,phase0_authority_proof_v1,baseline_version; checksum; selected_route; authority_paths,schema_valid=true; route rationale present; SLA <= 20s,"ADJACENT_PHASE_0_5A, ADJACENT_PHASE_0_5B",fail_closed,missing authority proof; baseline checksum mismatch,fail_closed,PHASE0_AUTHORITY_MISSING; PHASE0_BASELINE_CHECKSUM_FAILED,ADJACENT_PHASE_0_5A; ADJACENT_PHASE_0_5B,false,false,emerging,gap,Contract active; fixture certification still pending.
20,Phase 0.5A,ADJACENT_PHASE_0_5A,Story Seeds and Full Context Story Ledger,active,Phase 0 authority proof plus manuscript text,phase0_authority_proof_v1,authority_paths; manuscript_text,seed output >= 500 words; 9 ledger layers attempted; 13 criteria scaffolded,lib/evaluation/phase-architecture-v2/phase05aStoryMapSeed.ts; lib/evaluation/seed/semanticSeedGenerator.ts,"Produce provisional story map, evaluation seed, and full-context story ledger.",story_map_seed_v1; evaluation_seed_v1; full_context_story_ledger_v1,candidate_entity_registry; likely_13_criteria_strengths; story_layers,all 9 story layers present; seed_authority=seed_only; schema_valid=true,ADJACENT_SEED_COMPLETENESS_GATE,ADJACENT_PHASE_0,malformed seed JSON; missing story ledger layer; unverified seed claims,1,SEED_GENERATION_FAILED; SEED_AUTHORITY_PROOF_MISSING,ADJACENT_SEED_COMPLETENESS_GATE; S05_PASS1; S07_PASS3,false,false,emerging,gap,Cartel Babies used fallback seeds; robustness remains a gap.
30,Phase 0.5B,ADJACENT_PHASE_0_5B,Revise Opportunity Seed,active,Phase 0 authority proof plus manuscript and criteria canon,phase0_authority_proof_v1,authority_paths; manuscript_text; criteria_canon,evidence anchors available; candidate prose contract loaded,lib/evaluation/phase-architecture-v2/phase05bReviseOpportunitySeed.ts,Produce provisional revise opportunities with A/B/C candidate prose.,revise_opportunity_seed_v1,opportunity_id; criterion_key; evidence; candidate_a; candidate_b; candidate_c,all opportunities evidence-anchored; A/B/C are manuscript-ready prose,ADJACENT_REVISE,ADJACENT_PHASE_0,generic opportunity; missing evidence anchor; A/B/C not prose,1,REVISE_SEED_GENERATION_FAILED; REVISE_SEED_AUTHORITY_PROOF_MISSING,ADJACENT_REVISE,false,true,emerging,gap,Seed enriches Revise but evaluation evidence governs.
40,Seed Gate,ADJACENT_SEED_COMPLETENESS_GATE,Seed Completeness Gate,active,Phase 0.5A seed artifacts,story_map_seed_v1; evaluation_seed_v1,schema_version; seed_sections,seed schemas valid; required seed sections present,lib/evaluation/seed/seedCompletenessGuard.ts; lib/evaluation/seed/phase1aSeedRuntimeGate.ts,Block Phase 1A when seed artifacts are incomplete.,seed_fit_gap_report_v1,status; gap_details; severity,missing sections detected; blocked/passed classified,S05_PASS1,ADJACENT_PHASE_0_5A,missing seed section; schema invalid,1,SEED_FIT_GAP_BLOCKED,S05_PASS1,false,false,emerging,gap,"Dirty seeds must kick back, not quietly degrade downstream."
50,Intake,S01_INTAKE,Intake,active,Authenticated user and API gateway,,manuscript_id or manuscript_text; job_type; actor_identity,auth present; required fields complete; canonical job_type,app/api/jobs/route.ts; app/api/evaluate/route.ts,Validate request and accept canonical job payload for queueing.,evaluation_jobs_row,id; status; phase; progress,ok=true response; trace id emitted,S02_QUEUE,reject_request,ambiguous manuscript source; unauthenticated actor; non-canonical job type,none,400; 401; 403; 413; 429; 500,S02_QUEUE,false,false,partial,gap,"Need fuller input metrics for doc type, language, and mode."
60,Queue,S02_QUEUE,Queue,active,Jobs API and job store,evaluation_jobs_row,status=queued,canonical status set only; DB write success,lib/jobs/store.ts; lib/jobs/jobStore.supabase.ts,Persist queued job with canonical state and progress keys.,evaluation_jobs_row,status; phase; phase_status; progress,status=queued; progress keys present,S03_CLAIM,reject_or_reuse_idempotent_job,non-canonical status; illegal transition,fail_closed,DB_WRITE_FAILED; CANONICAL_STATUS_VIOLATION,S03_CLAIM,false,false,proven,ok,JobStatus must remain queued|running|complete|failed only.
70,Claim,S03_CLAIM,Atomic Claim,active,Worker processor and claim RPC,evaluation_jobs_row,status=queued; lease_token; worker_id,single atomic claimant; worker_pulse_at set at claim time,app/api/workers/process-evaluations/route.ts; lib/jobs/jobStore.supabase.ts,Claim one eligible queued job with lease and heartbeat protection.,claim_event_v1,worker_id; lease_token; worker_pulse_at,exactly one active lease; split-brain prevented,S04_ROUTING_CHUNKING,watchdog_requeue,null worker_pulse_at; overlapping lease; non-production worker id,2,CLAIM_RPC_FAILED; LEASE_OVERLAP_DETECTED,S04_ROUTING_CHUNKING,false,false,proven,ok,Claim RPC migration addressed split-brain null pulse.
80,Routing,S04_ROUTING_CHUNKING,Routing and Chunking,active,Claimed job and manuscript loader,evaluation_jobs_row,manuscript_text; word_count; mode,text normalized; chunk strategy selected; non-empty chunk set,lib/manuscripts/chunking.ts; lib/evaluation/processor.ts,Create deterministic chunk/routing manifest for pass execution.,phase1a_chunk_routing_manifest_v1,chunk_count; route; word_count,stable boundaries; no hidden fallback path,"S05_PASS1, S06_PASS2",S01_INTAKE,empty chunks for non-empty manuscript; route/type mismatch,1,PIPELINE_INPUT_INVALID; DREAM_NO_CHUNKS,S05_PASS1; S06_PASS2; ADJACENT_DREAM,false,false,emerging,gap,Short-form single-chunk synthesis recently fixed; keep route metrics explicit.
90,Pass 1,S05_PASS1,Pass 1 Extraction,active,Pipeline orchestrator and Pass 1 runner,phase1a_chunk_routing_manifest_v1; full_context_story_ledger_v1,chunks; criteria_registry,timeout budget set; pass runner invoked,lib/evaluation/pipeline/runPipeline.ts; lib/evaluation/pipeline/runPass1.ts,Extract story/craft signals without depending on Pass 2 output.,pass1a_chunk_cache_v1; pass1a_character_ledger_v1; pass1a_story_layer_v1; pass1_chunk_cache_v1,chunk_results; character_entries; story_layers,parseable output; entity contamination rejected; ledger names canonical,"ADJACENT_SEMANTIC_GATE, S06b_HANDOFF_GATE",S04_ROUTING_CHUNKING,pseudo-entity contamination; malformed pass output; missing story layer,1,PASS1_TIMEOUT; PASS1_FAILED; ENTITY_CONTAMINATION_REJECTED,ADJACENT_SEMANTIC_GATE; S06b_HANDOFF_GATE; S07_PASS3,false,false,partial,gap,Story ledger is truth for canonical names unless evidence proves otherwise.
100,Story Quality,ADJACENT_SEMANTIC_GATE,Story Layer Quality Gate,active,Pass 1A story layers and validators,pass1a_story_layer_v1; pass1a_character_ledger_v1,story_layers; character_entries,all visible layers classified; dirty layers suppressed/degraded,lib/evaluation/phase1a/buildLedgerQualityReport.ts,Classify story layers and block genuine benchmark failures.,ledger_quality_report_v1,gate_ready_status; layer_statuses; repair_recommendations,hard-fail triage complete; invalid hard-fails not promoted,ADJACENT_REVIEW_GATE,S05_PASS1,abandoned characters; canonical identity degraded; failed benchmark minimum,1,REVIEW_GATE_QUALITY_HARD_FAIL; REVIEW_GATE_QUALITY_TECHNICAL_BLOCK,ADJACENT_REVIEW_GATE; S06_PASS2,false,false,emerging,critical,Cartel Babies repair_required kicked forward; backward kick policy must be hardened later.
110,Review Gate,ADJACENT_REVIEW_GATE,Review Gate,active,Author/operator review plus quality report,pass1a_story_layer_v1; ledger_quality_report_v1,review_decisions; quality_status,all visible layers reviewed; comments for correction/reject,lib/evaluation/processor.ts; lib/evaluation/review-gate/storyLedgerApprovalNormalizer.ts,Persist accepted story ledger or route dirty layers back for repair.,accepted_story_ledger_v1,source_artifacts; approval; story_layer; governance,all visible layers have decisions; failed layers excluded,S06_PASS2,ADJACENT_SEMANTIC_GATE,auto-accepted degraded ledger; review gate bypassed on long-form hard fail,1,REVIEW_GATE_REJECTED; REVIEW_GATE_TIMEOUT,S06_PASS2; S07_PASS3; ADJACENT_REVISION_LEDGER,false,false,emerging,critical,Accepted ledger must be built through storyLedgerApprovalNormalizer.
120,Pass 2,S06_PASS2,Pass 2 Craft Diagnosis,active,Pipeline orchestrator and Pass 2 runner,phase1a_chunk_routing_manifest_v1; accepted_story_ledger_v1,chunks; criteria_registry,no Pass 1 payload as input; independence guard active,lib/evaluation/pipeline/runPipeline.ts; lib/evaluation/pipeline/runPass2.ts; lib/evaluation/pipeline/pass2IndependenceGuard.ts,Produce independent craft diagnosis and candidate recommendations.,pass2_chunk_cache_v1,criteria; diagnostics; recommendations,output parseable; lexical independence passes,S06b_HANDOFF_GATE,S06_PASS2,Pass 1 contamination; generic recommendations; malformed output,1,PASS2_TIMEOUT; PASS2_FAILED; PASS2_INDEPENDENCE_REWRITE_FAILED; QG_INDEPENDENCE_VIOLATION,S06b_HANDOFF_GATE; S07_PASS3,false,false,partial,gap,Independence is mandatory.
130,Handoff,S06b_HANDOFF_GATE,Pass 1/2 Handoff Gate,active,Pass 1 and Pass 2 structured outputs,pass1_chunk_cache_v1; pass2_chunk_cache_v1,pass1_output; pass2_output; evidence_anchors,no scaffold residue; complete sentences; evidence anchors present,lib/evaluation/pipeline/pass12HandoffGate.ts,Certify Pass 1/2 payload before synthesis receives it.,pass12_handoff_v1,certified_payload; prose_quality_certification,all prose checks pass; source-aware kick owner recorded,S07_PASS3,S05_PASS1 or S06_PASS2 based on source defect,scaffold residue; broken modal; generic language; missing evidence anchor,1,HANDOFF_SCAFFOLD_RESIDUE; HANDOFF_INCOMPLETE_SENTENCE; HANDOFF_BROKEN_MODAL; HANDOFF_GENERIC_LANGUAGE; HANDOFF_MISSING_EVIDENCE_ANCHOR,S07_PASS3,false,false,emerging,gap,Highest-risk seam defense.
140,Pass 3,S07_PASS3,Pass 3 Synthesis,active,Certified Pass 1/2 handoff,pass12_handoff_v1; accepted_story_ledger_v1,certified_payload; criteria; recommendations,upstream passes succeeded; convergence input consistency,lib/evaluation/pipeline/runPipeline.ts; lib/evaluation/pipeline/runPass3Synthesis.ts,"Synthesize final evaluation while preserving evidence, specificity, score hierarchy, and ledger name authority.",pass3_preflight_draft_v1; pass3_synthesis_v1,overview; criteria; recommendations; submission_readiness,no generic recommendations; banned names absent; score-10 rec suppression,S08_ER2_NORMALIZATION,S06b_HANDOFF_GATE,missing overview field; banned character name; generic prescription; duplicate strategic lever,1,PASS3_TIMEOUT; PASS3_FAILED; REC_INTEGRITY_GENERIC; REC_INTEGRITY_NO_EVIDENCE,S08_ER2_NORMALIZATION; ADJACENT_WAVE,false,false,high_risk,critical,No malformed or generic recommendation may reach author-facing output.
150,Normalization,S08_ER2_NORMALIZATION,EvaluationResultV2 Normalization,active,Pass 3 synthesis output,pass3_synthesis_v1,overview; criteria; metrics,canonical criterion keys preserved; score/null semantics preserved,lib/evaluation/pipeline/runPipeline.ts; schemas/evaluation-result-v2.ts,Normalize synthesis into canonical evaluation_result_v2.,evaluation_result_v2,schema_version; overview; criteria; metrics; enrichment,13 criteria coherent; score range valid; entity contamination rejected,S09_QUALITYGATEV2,S07_PASS3,missing criterion; score range invalid; banned entity contamination; field undefined where required,1,QG_CRITERIA_MISSING; QG_SCORE_RANGE; QG_FIDELITY_SCORE_CONFIDENCE_MISMATCH,S09_QUALITYGATEV2; S11a_RENDERER_WEBPAGE; S11b_DOWNLOAD_PIPELINE; ADJACENT_WAVE; ADJACENT_DREAM; ADJACENT_REVISION_LEDGER,false,true,high_risk,critical,This is the canonical evaluation payload; no renderer may bypass it.
160,Quality Gate,S09_QUALITYGATEV2,QualityGateV2,active,Normalized EvaluationResultV2,evaluation_result_v2,criteria; overview; recommendations,deterministic checks executed; gate decision available,lib/evaluation/pipeline/qualityGate.ts,Fail closed on deterministic evaluation defects.,quality_gate_diagnostics_v1,verdict; failed_check_ids; diagnostics,failed checks emitted; no bypass by confidence,S10_PERSISTENCE,S07_PASS3 or S08_ER2_NORMALIZATION based on defect,duplicate rec; generic rec; low evidence coverage; criteria mismatch,1,QG_GENERIC_REC; QG_DUPLICATE_REC; QG_CRITERIA_MISSING; QG_SCORE_RANGE; QG_ARTIFACT_GATE_FAIL,S10_PERSISTENCE; ADJACENT_FINAL_EXTERNAL_AUDIT,false,false,partial,gap,Detection without enforcement is a defect.
170,Persistence,S10_PERSISTENCE,Atomic Evaluation Persistence,active,QualityGate pass plus EvaluationResultV2,evaluation_result_v2; quality_gate_diagnostics_v1,gate_passed=true; normalized_result,no persist if gate fails; atomic RPC available,lib/evaluation/persistEvaluationResultV2.ts,Persist canonical evaluation artifact and terminal job state atomically.,evaluation_artifact_row,artifact_type=evaluation_result_v2; content; created_at,artifact ID returned; terminal status canonical,ADJACENT_WAVE or S10b_PHASE5_AUTHOR_EXPOSURE_GATE for short-form,S09_QUALITYGATEV2,gate failed but persist attempted; artifact validation failed,fail_closed,EVALUATION_ARTIFACT_VALIDATION_FAILED; EVALUATION_GATE_REJECTED,ADJACENT_WAVE; S10b_PHASE5_AUTHOR_EXPOSURE_GATE; S11a_RENDERER_WEBPAGE; S11b_DOWNLOAD_PIPELINE,false,false,partial,gap,No artifact persists after failed deterministic gate.
180,WAVE,ADJACENT_WAVE,WAVE Revision Planning,long_form_active,Pass 3 findings plus evaluation_result_v2,evaluation_result_v2,criteria.key; criteria.final_score_0_10; criteria.recommendations,13 criteria present; at least one score <= 9 for non-empty derivation,lib/evaluation/waveRevision.ts; lib/revision/wavePlanner.ts; lib/revision/waveRegistry.ts,Derive manuscript-specific wave plan from canonical criterion keys with score-aware filtering.,wave_revision_plan_v1,derived_wave_ids; ordered_wave_ids; modules_run; modules_with_findings,derived_wave_ids non-empty when findings exist; no generic fallback when bridge applies,ADJACENT_CANON_GOVERNANCE,S07_PASS3,NO_DERIVED_WAVES_FROM_PASS3_FINDINGS; generic fallback only,1,WAVE_DERIVATION_EMPTY; WAVE_EXECUTION_TIMEOUT; WAVE_PLAN_FAILED,ADJACENT_CANON_GOVERNANCE; ADJACENT_DREAM; ADJACENT_REVISION_LEDGER,false,true,active_partial,gap,PR #1108 fixed criterion bridge; registry preserves acceptance metrics.
190,Canon Governance,ADJACENT_CANON_GOVERNANCE,"Gate 15, Golden Spine, Dialogue Canon, Revision Canon Metadata",long_form_active,Manuscript text plus evaluation_result_v2 criteria,evaluation_result_v2,manuscript_text; criteria_keys; word_count,text non-empty; criteria keys extractable; word count known,lib/evaluation/canonGovernanceRunner.ts; lib/evaluation/gate15/; lib/evaluation/goldenSpine/; lib/evaluation/dialogueCanon/,Run manuscript-scale governance audits and persist all governance artifacts.,gate_15_audit_v1; golden_spine_v1; dialogue_canon_audit_v1; revision_canon_metadata_v1,overallStatus; continuityScore; dialogueStatus; metadata_status,Gate 15 status determined; dialogue count proportional; golden spine surfaced,ADJACENT_DREAM,ADJACENT_CANON_GOVERNANCE,Gate 15 FAIL; dialogue detector impossible count; weak continuity hidden,1,GATE15_EXECUTION_FAILED; GOLDEN_SPINE_EXECUTION_FAILED; DIALOGUE_CANON_EXECUTION_FAILED; REVISION_CANON_METADATA_FAILED,ADJACENT_DREAM; ADJACENT_FINAL_EXTERNAL_AUDIT; S10b_PHASE5_AUTHOR_EXPOSURE_GATE,false,false,active_partial,critical,Cartel Babies proved detector and enforcement gaps.
200,DREAM,ADJACENT_DREAM,DREAM Long-Form Document Synthesis,long_form_active,Long-form cron worker,evaluation_result_v2; phase1a_chunk_routing_manifest_v1; wave_revision_plan_v1; gate_15_audit_v1; golden_spine_v1; dialogue_canon_audit_v1,status=complete; word_count>=25000; criteria; chunks,evaluation_result_v2 present; chunks loadable; no existing longform_document_v1,app/api/workers/process-dream/route.ts; lib/evaluation/pipeline/runPass3bLongform.ts,Produce long-form narrative synthesis without diverging from canonical evaluation data.,longform_document_v1,schema_version; criteria; market_shelf; revision_plan,non-empty document; canonical score/genre parity; no banned-name contamination,ADJACENT_FINAL_EXTERNAL_AUDIT,ADJACENT_DREAM,DREAM score drift; DREAM genre drift; banned name contamination; score-10 shopping list,1,DREAM_SYNTHESIS_FAILED; DREAM_TIMEOUT; DREAM_NO_CHUNKS; DREAM_NO_EVAL_RESULT,ADJACENT_FINAL_EXTERNAL_AUDIT; S10b_PHASE5_AUTHOR_EXPOSURE_GATE; S11b_DOWNLOAD_PIPELINE,true,true,active_partial,critical,"DREAM may enrich, but it must not become a competing evaluation source."
210,Final Audit,ADJACENT_FINAL_EXTERNAL_AUDIT,Final External Audit,long_form_active,All persisted long-form artifacts,evaluation_result_v2; longform_document_v1; wave_revision_plan_v1; gate_15_audit_v1; golden_spine_v1; dialogue_canon_audit_v1; revision_canon_metadata_v1,artifact_presence; coverage_summary; contradictions,DREAM persisted before audit; hard-required artifacts present,lib/evaluation/pipeline/finalExternalAudit.ts; app/api/workers/process-dream/route.ts,Determine last-mile releasability from complete artifact set.,final_external_audit_v1,verdict; blocking; codes; checked_artifacts,verdict PASS/WARN for releasable reports; missing_required_artifacts empty,S10b_PHASE5_AUTHOR_EXPOSURE_GATE,ADJACENT_DREAM or failed producer stage,BLOCK verdict; missing DREAM; contradiction detected; low coverage,1,FINAL_AUDIT_MISSING_DREAM; FINAL_AUDIT_LOW_COVERAGE; FINAL_AUDIT_CONTRADICTION; FINAL_AUDIT_SCHEMA_INVALID,S10b_PHASE5_AUTHOR_EXPOSURE_GATE,false,false,active_partial,critical,PR #1109 fixed false BLOCK; BLOCK enforcement remains pending.
220,Phase 5,S10b_PHASE5_AUTHOR_EXPOSURE_GATE,Phase 5 Author Exposure Gate,planned_required,"Canonical evaluation artifact, active evaluation template contract, audits, and renderer manifest",evaluation_result_v2; evaluation_template_contract_v1; final_external_audit_v1; gate_15_audit_v1; dialogue_canon_audit_v1; wave_revision_plan_v1; longform_document_v1,active_template_contract; canonical_view_model; audit_verdicts; renderer_parity_diagnostics,all required artifacts present; active template path known; no blocking verdicts; renderer parity check complete,planned: lib/evaluation/authorExposureCertification.ts,Build and certify UnifiedEvaluationDocument against the active evaluation template before any author-visible renderer may expose it.,unified_evaluation_document_v1; author_exposure_certification_v1; report_render_manifest_v1,active_template_path; unified_document_hash; decision; parity_results; blocking_reasons; certified_at,template contract satisfied; score parity; genre parity; criteria parity; banned names=0; WAVE non-generic,"S11a_RENDERER_WEBPAGE, S11b_DOWNLOAD_PIPELINE, ADJACENT_REVISION_LEDGER",producer stage named by failed check,webpage/download mismatch; banned entity; Gate 15 FAIL; Final Audit BLOCK; dialogue detector impossible,1,PHASE5_TEMPLATE_CONTRACT_FAIL; PHASE5_RENDER_PARITY_FAIL; PHASE5_BANNED_ENTITY; PHASE5_SCORE_DRIFT; PHASE5_MISSING_AUDIT; PHASE5_UNCERTIFIED_OUTPUT,S11a_RENDERER_WEBPAGE; S11b_DOWNLOAD_PIPELINE; ADJACENT_REVISION_LEDGER,false,true,missing_critical,critical,"Planned required gate; registry captures the missing stage explicitly. Long-form-only inputs (final_external_audit_v1, gate_15_audit_v1, dialogue_canon_audit_v1, wave_revision_plan_v1, longform_document_v1) are required only when applicable by evaluation mode."
230,Renderer,S11a_RENDERER_WEBPAGE,Webpage Renderer,active,Phase 5 certified UnifiedEvaluationDocument,author_exposure_certification_v1; report_render_manifest_v1; unified_evaluation_document_v1,release_decision=certified; unified_document,ownership/auth check; Phase 5 pass; no local recalculation,app/reports/[jobId]/page.tsx; app/evaluate/[jobId]/page.tsx,Render webpage from UnifiedEvaluationDocument only.,webpage_projection_v1,rendered_fields; source_marker,matches PDF/DOCX/TXT fields; no fabricated progress,"end_user, ADJACENT_REVISION_LEDGER",S10b_PHASE5_AUTHOR_EXPOSURE_GATE,report type drift; score drift; genre drift; criteria confidence drift,1,PHASE5_RENDER_PARITY_FAIL; DOWNLOAD_PARITY_FAILED,end_user; ADJACENT_REVISION_LEDGER,true,true,partial,critical,PR #1113 should refactor webpage to consume UnifiedEvaluationDocument.
240,Downloads,S11b_DOWNLOAD_PIPELINE,Download Pipeline,active,Phase 5 certified UnifiedEvaluationDocument,author_exposure_certification_v1; report_render_manifest_v1; unified_evaluation_document_v1,unified_document; format,format supported; download parity passes,app/api/reports/[jobId]/download/route.ts; lib/evaluation/downloadReadTimeSanitizer.ts; lib/evaluation/downloadParityGate.ts,Render PDF/DOCX/TXT from the same canonical document as webpage.,pdf_projection_v1; docx_projection_v1; txt_projection_v1,rendered_fields; format; source_marker,evidence byte-for-byte preserved; format render succeeds; parity with webpage,end_user,S10b_PHASE5_AUTHOR_EXPOSURE_GATE,sanitizer mutates evidence; download parity fail; format render fail,1,DOWNLOAD_SANITIZER_FAILED; DOWNLOAD_PARITY_FAILED; DOWNLOAD_RENDER_FAILED; DOWNLOAD_FORMAT_UNSUPPORTED,end_user,true,false,emerging,gap,Downloads are closer to unified model than webpage but still require Phase 5 certification.
250,Revise Handoff,ADJACENT_REVISION_LEDGER,Revision Opportunity Ledger,active,Certified evaluation and governance artifacts,evaluation_result_v2; accepted_story_ledger_v1; longform_document_v1; wave_revision_plan_v1; author_exposure_certification_v1,finding_id; criterion; evidence_anchor,evidence coverage 100%; all opportunities traceable,lib/revision/opportunityLedger.ts; lib/evaluation/processor.ts,Build evidence-backed opportunities for Revise without rerunning evaluation.,revision_opportunity_ledger_v1,opportunity_id; finding_id; criterion; severity; evidence_anchor; revision_operation,no opportunity without evidence; Ready vs Needs Targeting classified,ADJACENT_REVISE,S07_PASS3 or ledger builder,empty ledger; missing evidence anchor; vague operation,1,REVISION_LEDGER_ASSEMBLY_FAILED; REVISION_LEDGER_EVIDENCE_MISSING; REVISION_LEDGER_EMPTY,ADJACENT_REVISE,false,true,emerging,gap,No evaluation evidence equals no Revise Queue item.
260,Revise Admission,ADJACENT_REVISE,Revise Queue Admission,active,Revision opportunity ledger plus optional revise seed,revision_opportunity_ledger_v1; revise_opportunity_seed_v1,criterion; severity; source_location; evidence_anchor; revision_operation,ledger non-empty; A/B/C are prose when Ready,Revise Queue admission handler,Admit evidence-backed revision items into the authenticated workbench.,revise_queue_items_v1; revision_ledger_decisions,author_decision_state; trustedpath_eligibility; source_artifact_reference,Ready and Needs Targeting not mixed; author decisions persisted,Revise Workbench,ADJACENT_REVISION_LEDGER,Revise reruns evaluator; A/B/C not prose; author decision not persisted,1,REVISE_ADMISSION_FAILED; REVISE_QUEUE_EMPTY; REVISE_EVIDENCE_MISSING; REVISE_ABC_NOT_PROSE; REVISE_AUTHOR_DECISION_NOT_PERSISTED,Revise Workbench; TrustedPath,true,true,emerging,gap,"Revise is a consume-and-repair surface, not a second evaluator."
